ID,INSTITUICAO/EMPRESA,INÍCIO,FIM,FUNCAO,
4518559094103750,Universidade Federal do Rio Grande do Sul,2002,2003,Bolsista DTI,
4518559094103750,ADP Brasil LTDA,2005,,Analista de Sistemas Senior,
4518559094103750,Mercador SA,2003,2005,Analista de Sistemas,
4518559094103750,PWPP,2003,2003,Programador,
4518559094103750,Companhia de Processamento de Dados da Prefeitura Municipal de Porto Alegre,2001,2002,Programador,
4518559094103750,Companhia de Processamento de Dados da Prefeitura Municipal de Porto Alegre,2000,2000,Programador,
4518559094103750,Partner Sistemas de Informação Ltda,2000,2001,Programador Pleno,
4838297393852726,Pontifícia Universidade Católica do Rio Grande do Sul,1974,,,
4838297393852726,Organicom. Revista Brasileira de Comunicação Organizacional e Relações Públ,2004,,,
4838297393852726,Ecos Revista,2005,2018,,
4838297393852726,Revista Brasileira de Ciências da Comunicação,2008,,,
4838297393852726,Pontifícia Universidade Católica do Rio Grande do Sul,2000,,,
4838297393852726,Revista Internacional de Relaciones Publicas,2011,,,
4838297393852726,Ass. Bras. de Pesquisadores de Comunicação Org. e de Relações Públicas,2016,2018,Temporário,
4838297393852726,Ass. Bras. de Pesquisadores de Comunicação Org. e de Relações Públicas,2018,,Temporário,
4838297393852726,Conselho Nacional de Desenvolvimento Científico e Tecnológico,2008,,,
4838297393852726,Fundação de Amparo à Pesquisa do Estado de São Paulo,2016,2018,,
3208691140801452,Universidade Federal do Rio Grande do Sul,2013,2014,Bolsista de Iniciação Científica,
3208691140801452,Universidade Federal do Rio Grande do Sul,2015,2015,Bolsista de Iniciação Científica,
1523626234873574,HSBC Bank Brasil S.A.,2006,2010,Analista de Sistemas,
1523626234873574,Universidade Federal do Paraná,2008,2010,Aluno,
1523626234873574,Companhia Paranaense de Energia,2010,,Analista de Sistemas,
1523626234873574,Faculdade Expoente,2011,2015,Professor,
1523626234873574,Fundação de Estudos Sociais do Paraná,2015,,Professor,
9564405566367160,Universidade Federal de Santa Maria,2014,2017,Bolsista,
9564405566367160,Communications and Innovations Gazette,2016,2017,,
9564405566367160,Universidade Federal do Paraná,2019,,Pesquisador,
3898760927613186,Creche Moinhos de Vento,2011,2011,Professor de Informática,
3898760927613186,Colégio Politécnico da UFSM,2013,2014,Bolsa Monitoria,
3898760927613186,Universidade Federal de Santa Maria,2014,2014,Monitoria da Disciplina de Lógica e Algoritmo,
3898760927613186,Universidade Federal de Santa Maria,2015,2017,Bolsista PET - Sistemas de Informação,
3898760927613186,Universidade Federal de Santa Maria,2017,2018,Suporte ao Moodle UAB,
3898760927613186,CS computadores,2009,2010,Estagiário,
3898760927613186,Serviço Nacional de Aprendizagem Comercial - RS,2017,2018,Professor,
3898760927613186,Delivery Much - Pameira das Missões,2018,2019,Gerencia,
4840194867713376,Universidade Federal do Rio Grande do Sul,2002,2005,Bolsista,
4840194867713376,BULL S.A.S.,2006,2006,Pesquisa e Desenvolvimento,
4840194867713376,Fundação Instituto Brasileiro de Geografia e Estatística,2011,,Analista de Planejamento,
4840194867713376,Endeeper Soluções em Informações e Métodos,2011,,Desenvolvedor de Negócios,
4840194867713376,Endeeper Soluções em Informações e Métodos,2008,2010,Gerente de Projeto de Software,
4840194867713376,Endeeper Soluções em Informações e Métodos,2007,2008,Gerente de Desenvolvimento de Software,
838935770686961,Universidade Federal de Santa Maria,2014,,Bolsista do Programa de Educação Tutorial,
5046557311321623,Tribunal Regional do Trabalho da 4ª Região (RS),2014,,Analista Judiciário - TI,
2224821652873925,University of Limerick,2014,2014,Assistente de Pesquisa,
2224821652873925,Universidade Federal da Fronteira Sul,2015,,,
2224821652873925,Emergent Research,2017,,Lead Growth Engineer,
2224821652873925,Centro de Estudos e Sistemas Avançados do Recife,2018,,,
6296010765327790,Politec Informática - Matriz,2003,2008,Gerente,
6296010765327790,Universidade de São Paulo,2006,2010,Pesquisador do PCS/LAA,
6296010765327790,Fundação Paulista de Tecnologia e Educação,1991,2001,Professor,
6296010765327790,"Faculdade Auxillium de Filosofia, Ciências e Letras",1994,1995,Professor,
6296010765327790,Pontifícia Universidade Católica de Minas Gerais,2000,2001,Professor Assistente III,
6296010765327790,Frigorífico Gejota Ltda,1994,1995,Analista de Sistemas,
6296010765327790,Universidade do Estado de Santa Catarina,2008,2010,Professor Adjunto I,
6296010765327790,Instituto Federal de São Paulo,2010,,"Professor Ensino Básico, Tec e Tecnológico",
6296010765327790,37º Batalhão de Infantaria Motorizado,1984,1990,Oficial do Exército,
6296010765327790,2º Batalhão de Caçadores,1982,1983,Aluno do NPOR,
6296010765327790,Júpiter Systems Thecnology,2015,2016,Consultor em Engenharia de Processos,
5011370918857999,Universidade Federal de Santa Catarina,2019,,,
5011370918857999,Universidade Federal de Santa Catarina,2010,2019,Professor Associado,
5011370918857999,Universidade Federal de Santa Catarina,2002,2010,Professor Adjunto,
5011370918857999,Universidade Federal de Santa Catarina,1995,2002,Professor Assistente,
5011370918857999,Universidade Luterana do Brasil,1993,1995,Professor adjunto,
5011370918857999,Journal of the Brazilian Computer Society (Impresso),2011,,,
5011370918857999,Journal of Information and Data Management - JIDM,2014,,,
5011370918857999,Universidade Federal do Rio Grande do Sul,1994,1995,Pesquisador Associado,
5011370918857999,JOURNAL OF UNIVERSAL COMPUTER SCIENCE,2019,,,
5011370918857999,ACM COMPUTING SURVEYS,2020,,,
1894333931411941,"Instituto Federal de Educação, Ciência e Tecnologia Sul-Riograndense",2008,,"Prof. Ensino Básico, Técnico e Tecnológico",
1894333931411941,"Instituto Federal de Educação, Ciência e Tecnologia Sul-Riograndense",2009,2010,Coordenador Curso Superior de Tecnologia,
1894333931411941,"Instituto Federal de Educação, Ciência e Tecnologia Sul-Riograndense",2013,2015,Coordenador do Curso TSPI,
1894333931411941,Alexandre Tagliari Lazzaretti e Cia Ltda,2000,2008,Analista/Programador,
1894333931411941,Centro Nacional de Pesquisa de Trigo - CNPT,2012,,,
1894333931411941,Autônomo,1996,2000,Autônomo,
1894333931411941,Revista Conexões - Ciência e tecnologia,2014,,,
1894333931411941,Revista Brasileira de Computação Aplicada,2016,,,
1894333931411941,Prefeitura Municipal de Passo Fundo,2018,,,
2319733789095224,Junior Achievement,2007,2007,Gerente de Finanças,
2319733789095224,Prefeitura Municipal de Alegrete,2010,2011,Técnico em Computação,
2319733789095224,Universidade Federal do Pampa,2012,2013,Bolsista PIBIC Fapergs,
2319733789095224,The Wedding Opera,2014,2014,Desenvolvedor,
2319733789095224,SiDi,2019,,Desenvolvedor Pleno,
4441280690459628,GRUPO DASS,2011,,Programador de Software,
593153801544855,Universidade do Vale do Itajaí,2000,,Bolsista,
732331994776858,Universität Basel,2018,,Assistente de Pesquisa,
732331994776858,Universidade Federal do Rio Grande do Sul,2014,2018,Iniciação Científica,
732331994776858,Universidade Federal do Rio Grande do Sul,2013,2014,Iniciação Científica,
867460619908697,Universidade Federal de Santa Catarina,2011,,Analista de TI,
8974041265721813,Agrosoft,2001,2001,CIEE,
8974041265721813,Universidade Regional Integrada do Alto Uruguai e das Missões,2000,2000,PII - URI,
8974041265721813,Universidade Regional Integrada do Alto Uruguai e das Missões,1999,2000,PII - URI,
8974041265721813,Universidade Federal do Rio Grande do Sul,2001,2003,DTI-H,
8974041265721813,All Print Produções Gráficas,1998,1999,Estágio  CIEE,
8974041265721813,Cumerlato &amp, Schuster,2003,2004,Funcionario
4134668596803043,Instituto Federal Farroupilha,2010,2010,Aluno,
4134668596803043,AVMB Consultoria e Assessoria,2016,,Analista de Sistema,
4134668596803043,AVMB Consultoria e Assessoria,2016,2016,Programador Java Júnior,
4134668596803043,Universidade Federal de Santa Maria,2014,2015,,
743793296062293,Centro de Pesquisa e Desenvolvimento Leopoldo Américo Miguêz de Mello,2003,2004,Bolsista de Pesquisa,
743793296062293,Centro Universitário Plínio Leite,2011,2011,Professor Assistente,
743793296062293,Centro Federal de Educação Tecnológica Celso Suckow da Fonseca,2011,2013,Professor Temporário,
743793296062293,RETEC. Revista de Tecnologias (Ourinhos),2012,,,
743793296062293,Universidade Federal Fluminense,2013,2015,Professor Adjunto I,
743793296062293,Universidade Federal Fluminense,2015,2017,Professor Adjunto II,
743793296062293,Universidade Federal Fluminense,2017,2019,Professor Adjunto III,
743793296062293,Universidade Federal Fluminense,2019,,Professor Adjunto IV,
743793296062293,Journal of Information and Data Management - JIDM,2013,,,
743793296062293,Fundação Centro de Ciências e Educação Superior à Distância do Estado do RJ,2011,2014,Tutor de Banco de Dados,
743793296062293,Fundação Centro de Ciências e Educação Superior à Distância do Estado do RJ,2014,2016,Coordenador de Tutoria,
743793296062293,Fundação Centro de Ciências e Educação Superior à Distância do Estado do RJ,2016,,Conteudista,
743793296062293,Data &amp, Knowledge Engineering,2013,,
743793296062293,The Journal of Systems and Software,2013,,,
743793296062293,Journal of Biomedical Informatics,2013,2013,,
743793296062293,Journal of Grid Computing,2013,2013,,
743793296062293,J ZHEJIANG U-SCI C,2013,,,
743793296062293,Computer Journal (Print),2014,,,
743793296062293,Journal of the Brazilian Computer Society (Impresso),2014,,,
743793296062293,IEEE T SERV COMPUT,2014,,,
743793296062293,Laboratório Nacional de Computação Científica,2014,,Colaborador,
743793296062293,Applied Computing and Informatics,2014,2014,,
743793296062293,Fundação Carlos Chagas Filho de Amparo à Pesquisa do Estado do RJ,2014,2014,,
743793296062293,Journal of Supercomputing,2014,,,
743793296062293,IEEE Transactions on Parallel and Distributed Systems (Print),2014,,,
743793296062293,BMC Bioinformatics,2014,,,
743793296062293,Universidade Federal do Rio de Janeiro,2012,,Colaborador,
743793296062293,Universidade Federal do Rio de Janeiro,2005,2008,Aluno de Mestrado,
743793296062293,Universidade Federal do Rio de Janeiro,2008,2012,Aluno de Doutorado,
743793296062293,Universidade Federal do Rio de Janeiro,2000,2004,Aluno de Graduação,
743793296062293,Journal of Computational Science,2016,,,
743793296062293,Journal of Computational Science,2016,2016,,
743793296062293,Conselho Nacional de Desenvolvimento Científico e Tecnológico,2016,,,
743793296062293,Institut National de Recherche en Informatique et en Automatique - Siège,2017,,,
743793296062293,JOURNAL OF PARALLEL AND DISTRIBUTED COMPUTING,2018,,,
743793296062293,VLDB JOURNAL,2018,,,
743793296062293,Future Generation Computer Systems-The International Journal of eScience,2016,,,
743793296062293,HELIYON,2019,2019,,
743793296062293,PeerJ,2019,,,
743793296062293,Netherlands Organisation for Scientific Research,2019,,,
743793296062293,IEEE Access,2020,,,
3086826486256981,Itau Unibanco,1997,2004,Programadora,
3086826486256981,Itau Unibanco,2004,2008,Analista Sistemas,
3086826486256981,Itau Unibanco,2008,2014,Analista Sistemas,
3086826486256981,Universidade Presbiteriana Mackenzie,2017,2017,Professor Pós Graduação,
9961895409746090,Audaces Automação e Informática Industrial,2010,2011,Estagiário em Programação,
9961895409746090,Micromar Indústria e Comércio Ltda,2011,2012,Estagiário em Programação,
9961895409746090,Micromar Indústria e Comércio Ltda,2012,2013,Analista de Sistemas,
9961895409746090,PROGIC Tecnologia Eletrônica,2015,2018,Analista de Sistemas,
9961895409746090,Centro de Informática e Automação do Estado de Santa Catarina,2018,,Analista de Sistemas,
7914190406004023,Pontifícia Universidade Católica do Paraná,2000,2001,,
7914190406004023,Pontifícia Universidade Católica do Paraná,2004,2006,Bolsista,
7914190406004023,Global Village Telecom,2001,2002,Estagiário Suporte Técnico,
7914190406004023,Faculdade Anchieta de Ensino Superior do Paraná,2008,2008,Professor Assistente I,
7914190406004023,Faculdade de Tecnologia de Curitiba,2008,2008,Bolsista,
7914190406004023,Faculdade de Tecnologia Expert,2009,2009,Professor Assistente,
7914190406004023,Centro Universitário Internacional,2009,2009,Professor Assistente,
7914190406004023,AVIS Consultorias e Treinamento,2010,2011,Bolsista,
7914190406004023,Instituto Federal Catarinense,2012,2014,"Professor do Ensino Básico, Téc. e Tecnológic",
7914190406004023,Instituto Federal Catarinense,2014,,Professor de Ensino Básico Téc. e Tecnológico,
7914190406004023,Instituto Federal Catarinense,2016,2017,Coordenador de Curso Técnico,
776438722468291,Universidade Federal da Fronteira Sul,2010,2011,Bolsista,
776438722468291,Universidade Federal da Fronteira Sul,2011,2012,Estagiário,
776438722468291,Universidade Federal da Fronteira Sul,2013,2013,Monitor,
776438722468291,BVM Máquinas de Venda Automatica,2009,2010,Estagiário,
776438722468291,Oren Systems Ltda,2012,2012,Programador,
776438722468291,Avior Soluções em Logística e Monitoramento LTDA,2012,2013,Programador,
776438722468291,Universidade Federal de Santa Catarina,2014,2016,Bolsita de Mestrado,
776438722468291,Universidade Federal de Santa Catarina,2016,2018,Bolsista Projeto Bridge,
776438722468291,Universidade Federal de Santa Catarina,2017,2020,Bolsista Doutorado,
776438722468291,Universidade do Oeste de Santa Catarina,2019,2020,Professor,
776438722468291,Universidade do Oeste de Santa Catarina,2020,,Professor,
9597436299457760,Ecocentauro Sistemas Inteligentes,2013,2015,Programador,
9597436299457760,Origammi,2015,,Desenvolvedor e Analista,
9597436299457760,Datacoper Software,2011,2012,Pesquisador,
9597436299457760,,,,,
790769833478481,Universidade Tecnológica Federal do Paraná,2013,2014,Estudante de Iniciação Científica,
790769833478481,Ubivis Licenciamento de Software,2017,2017,Estágio,
790769833478481,Ubivis Licenciamento de Software,2017,,Desenvolvedor,
6854430172424635,Universidade Tecnológica Federal do Paraná,2017,,Iniciação Científica,
412793120877584,Universidade Federal de Santa Maria,2016,2017,Bolsista de Iniciação Científica,
9856398577674610,Centro Gestor e Operacional do Sistema de Proteção da Amazônia (RO),2018,2018,Estagiário de Informática,
1560771253913044,Universidade Federal do Rio Grande,2010,2010,Diagramador,
1560771253913044,Universidade Federal do Rio Grande,2010,2011,Desenvolvedor,
1560771253913044,Compasso tecnologia ltda,2014,2017,Desenvolvedor de software,
1560771253913044,Saint George International College,2018,2018,Auxiliar administrativo,
1560771253913044,"Instituto Federal de Educação, Ciência e Tecnologia do Rio Grande do Sul",2020,,Professor de informática,
9311546811322090,Prefeitura Municipal de Alto Alegre,2000,2000,Instrutor Curso de Informática - Contrato,
9311546811322090,Prefeitura Municipal de Alto Alegre,2001,2003,Responsável Setor de Informática,
9311546811322090,Prefeitura Municipal de Alto Alegre,2003,2008,Agente Administrativo - Setor de Informática,
9311546811322090,Prefeitura Municipal de Alto Alegre,2009,,Coordenador Telecentro comunitário,
9311546811322090,Colégio João Batista Rotta,2003,2004,Professor Curso Ténico em Informática,
9311546811322090,Sell Soft Informática Ltda,1998,2000,Desenvolvedor,
9311546811322090,Universidade de Cruz Alta,2008,2008,Professor do Curso de Ciência da Computação,
9311546811322090,Instituto Nacional de Pesquisas Espaciais,2008,2008,Bolsista CNPQ,
9311546811322090,Faculdade Meridional - IMED,2011,2011,Docencia Ensino Superior,
9311546811322090,Governo do Estado do Rio Grande do Sul,2011,,Professor,
966387234393823,Universidade Federal de Pelotas,2002,2005,Estagiária,
966387234393823,Universidade Federal de Pelotas,2005,2005,,
966387234393823,Universidade Federal de Pelotas,2005,2006,Corpo Tecnico,
966387234393823,Eletromeces Equipamentos Telefônicos Ltda,2000,2000,Estagiário,
966387234393823,Hewlett-Packard,2006,2007,Bolsista,
966387234393823,Pontifícia Universidade Católica do Rio Grande do Sul,2006,2008,Bolsista,
966387234393823,1ºCentro de Telamática de Área,2007,2011,Oficial da Área de Informática,
966387234393823,Universidade Federal do Pampa,2011,2012,Analista de TI,
966387234393823,Universidade Federal do Rio Grande do Sul,2012,2016,Analista de TI,
966387234393823,Sociedade Educacional do Rio Grande do Sul,2012,2013,Professor,
966387234393823,Universidade Federal do Acre,2016,2019,Analista de TI,
966387234393823,Universidade de Brasília,2019,,Analista de TI,
966387234393823,Centro Universitário Uninorte,2016,2018,Docente de Ensino Superior,
5878372087019892,Fundação Educacional Hansa Hamonia,2000,2000,Professor substituto,
5878372087019892,Universidade do Planalto Catarinense,1999,1999,Professor substituto,
5878372087019892,Universidade do Planalto Catarinense,2000,2010,,
5878372087019892,Banco do Brasil S A,1986,1990,Estagiário de Serviços Gerais,
5878372087019892,Scriba Comunicações Ltda,1991,1992,Operador de micro,
5878372087019892,Lince Participações e Empreendimentos Ltda,1992,1995,Programador Jr.,
5878372087019892,Florinfo Comércio e Serviços Ltda,1999,1999,Gerente,
5878372087019892,Visual Systems Informática Ltda,1995,1998,Analista de Sistemas,
5878372087019892,Quality Informática,1998,1998,Instrutor de Informática,
5878372087019892,Serviço Nacional de Aprendizagem Comercial Lages Sc,2000,2001,Professor,
5878372087019892,Universidade do Estado de Santa Catarina,2009,2010,Professor substituto,
5878372087019892,IT Factory Soluções Tecnológicas,2005,2010,Sócio proprietário,
5878372087019892,Instituto Federal Catarinense - Campus Camboriú,2010,,Professor EBTT,
5847865533404279,Universidade Federal de Viçosa,2013,2014,Monitor de Álgebra Linear,
5847865533404279,Universidade Federal de Viçosa,2013,2014,Tutor de Geometria Analítica e Álgebra Linear,
5847865533404279,Universidade Federal de Viçosa,2013,2014,Monitor de Geometria Analítica e Álgebra,
5847865533404279,Universidade Federal de Viçosa,2020,,Professor do Magistério Superior,
5847865533404279,Empresa Junior do Curso de Sistema de Informação,2013,2013,Assessor de Qualidade,
5847865533404279,Diretoria de Ensino - Universidade Federal de Viçosa campus Rio Paranaíba,2013,2014,Estágio Profissional,
5847865533404279,Companhia de Telecomunicações do Brasil Central,2015,2018,Analista de Telecomunicações,
5847865533404279,Universidade Federal de Uberlândia,2015,,Pesquisador,
5847865533404279,Rede Nacional de Ensino e Pesquisa,2017,2017,Tutor de Experimentos do Testbed FIBRE,
1394224092286,Universidade Católica de Angola,2003,2003,Professor,
1394224092286,Centro Estadual de Educação Tecnológica Paula Souza,2010,2012,Professor Assistente,
1394224092286,Centro Estadual de Educação Tecnológica Paula Souza,2013,,Professor Associado,
1394224092286,Centro Estadual de Educação Tecnológica Paula Souza,2018,,Coordenador de curso,
1394224092286,Editora Abril,2000,2001,Analista Sistemas,
1394224092286,BANCO ITAÚ HOLDING FINANCEIRA SA,2002,2002,Analista de Suporte,
1394224092286,MIDO JUPITER,2003,2004,Analista Sistemas,
1394224092286,LogicCom,2004,2005,Analista Suporte,
1394224092286,CLARO TELECOM,2005,2008,Analista Sistemas,
1394224092286,M4 Sistemas,2008,2010,Gerente de Projetos,
1394224092286,Trust Consultores,2010,2011,Gerente de Projetos,
1394224092286,Exanthus Consultoria,2004,2013,Sócio,
1394224092286,TECHCODES,2011,2013,Diretor de tecnologia,
383620524866410,Instituto de Pesquisas Eldorado - Brasília,2010,,Analista de Software Pleno,
721839644753258,Universidade Federal de Santa Maria,1995,,Analista de TI,
721839644753258,Serviço Nacional de Aprendizagem Comercial,1993,1994,Professor,
721839644753258,Universidade Luterana do Brasil,2005,,Professor Assistente,
6771642666904396,Instituto Municipal de Ensino Superior de Assis,2010,2018,Coordenador de Curso,
6771642666904396,Instituto Municipal de Ensino Superior de Assis,1996,,Professor de Ensino Superior,
6771642666904396,Instituto Municipal de Ensino Superior de Assis,2004,2009,Coordenador Centro Pesquisas em Informática,
6771642666904396,Instituto Municipal de Ensino Superior de Assis,2018,,Vice-Diretor Acadêmico,
6771642666904396,Conselho Estadual de Educação,2008,,Avaliador de Curso,
6771642666904396,Fundação Educacional do Município de Assis,1994,,Analista de Sistema,
149028226656519,Universidade Federal de Santa Catarina,2003,2015,Pesquisador,
149028226656519,Universidade Federal de Santa Catarina,2015,,Professor Adjunto,
149028226656519,Faculdade de Ciencias Administrativas e Tecnologicas - FATec,1999,1999,Administrador de Redes Junior,
149028226656519,Empresa Brasileira de Correios e Telégrafos - Porto Velho,2001,2002,Analista de Redes,
149028226656519,Secretaria de Saúde do Estado de Rondônia,2001,2002,Analista de Redes,
149028226656519,Fundação Rio Madeira,2003,2004,Pesquisador,
149028226656519,Faculdade de Tecnologia SENAI,2006,2014,Professor,
149028226656519,The University of Western Ontario,2010,2011,Part-time Visiting Graduate Student,
149028226656519,Instituto Nacional de Estudos e Pesquisas Educacionais Anísio Teixeira,2011,2011,Membro de Comissão,
149028226656519,Journal of Digital Imaging,2013,,,
149028226656519,Universidade Federal de Sergipe,2014,2015,Professor Adjunto-A,
149028226656519,Universidade Federal de Sergipe,2015,2018,Professor Visitante,
149028226656519,International Journal of High Performance Systems Architecture (Print),2014,,,
149028226656519,International Journal of High Performance Computing and Networking (Print),2014,,,
149028226656519,Fundação de Apoio à Pesquisa e à Inovação Tecnológica do Estado de Sergipe,2014,,Membro de Comitê Assessor,
149028226656519,Fundação de Apoio à Pesquisa e à Inovação Tecnológica do Estado de Sergipe,2014,,,
149028226656519,Instituto Federal de Santa Catarina,2015,2015,Professor,
149028226656519,Revista IEEE América Latina,2015,,,
149028226656519,"Ministério da Ciência, Tecnologia e Inovação",2015,2015,,
149028226656519,"Ministério da Ciência, Tecnologia e Inovação",2015,,,
149028226656519,International Journal of Grid and Utility Computing,2015,,,
149028226656519,Em Questão (UFRGS. Impresso),2016,,,
149028226656519,COMPLEXITY,2017,,,
149028226656519,International Journal of Computational Science and Engineering,2016,,,
149028226656519,Fundação de Amparo à Pesquisa e Inovação do Estado de Santa Catarina,2017,,,
149028226656519,IEEE IT Professional,2017,,,
149028226656519,International Journal of Big Data Intelligence,2017,,,
149028226656519,International Journal of Grid and Utility Computing (IJGUC),2017,,,
149028226656519,IEEE Access,2017,,,
149028226656519,REVISTA DE INFORMÁTICA TEÓRICA E APLICADA: RITA,2017,,,
149028226656519,EM QUESTÃO,2017,,,
149028226656519,Encontros Bibli,2018,,,
149028226656519,INFORMAÇÃO &amp, TECNOLOGIA (ITEC),2018,,
149028226656519,COMPUTERS &amp, ELECTRICAL ENGINEERING,2018,,
149028226656519,WIRELESS COMMUNICATIONS AND MOBILE COMPUTING,2018,,,
149028226656519,"ACM Transactions on Multimedia Computing, Communications, and Applications",2020,,,
149028226656519,COMPUTERS IN BIOLOGY AND MEDICINE,2020,,,
149028226656519,Financiadora de Estudos e Projetos,2020,,,
149028226656519,Information Systems (Elsevier),2020,,,
149028226656519,MOBILE NETWORKS AND APPLICATIONS,2020,,,
5360960592754214,Datum T I,2001,2001,Programador,
5360960592754214,Datum T I,2002,2002,Projetista,
3322255992735977,Pontifícia Universidade Católica do Rio Grande do Sul - Uruguaiana,2006,2007,Estagiário,
3322255992735977,Hewlett Packard,2010,2010,Pesquisador,
3322255992735977,Pontifícia Universidade Católica do Rio Grande do Sul,2010,2012,Pesquisador,
3322255992735977,Pontifícia Universidade Católica do Rio Grande do Sul,2012,2014,Desenvolvedor de Sistemas,
3322255992735977,Centre de Recherche INRIA Grenoble - Rhône-Alpes,2014,2015,Pesquisador,
3322255992735977,Serviço Nacional de Aprendizagem Comercial - RS,2016,2016,Professor temporario,
3322255992735977,IEEE Transactions on Knowledge and Data Engineering (Print),2016,,,
3322255992735977,Revista Eletrônica Argentina-Brasil de Tecn. da Inform. e da Com. (REABTIC),2016,,,
3322255992735977,Instituto Federal Farroupilha,2017,2017,Professor substituto,
3322255992735977,Universidade Federal de Santa Maria,2018,,Professor Adjunto,
3322255992735977,INTELIGENCIA ARTIFICIAL,2018,,,
3322255992735977,INTERNATIONAL JOURNAL OF SOFTWARE ENGINEERING AND KNOWLEDGE ENGINEERING,2019,,,
3322255992735977,International Journal of Computers and Applications,2019,,,
3867942762661182,Universidade de Caxias do Sul,2001,2004,,
3867942762661182,Universidade de Caxias do Sul,1997,2001,Professor horista,
3867942762661182,Universidade Federal do Rio Grande do Sul,2004,2005,Colaborador Convidado,
3867942762661182,Universidade Federal do Rio Grande do Sul,1996,1998,aluno de doutorado,
3867942762661182,Universidade Federal do Rio Grande do Sul,1999,2003,aluno de doutorado,
3867942762661182,Universidade Federal do Rio Grande do Sul,2005,,Associado,
3867942762661182,Universidade Federal do Rio Grande do Sul,2017,,Chefe de Departamento,
3867942762661182,Universidade Federal do Rio Grande do Sul,2015,2016,Chefe de Departamento,
3867942762661182,Universidade Federal do Rio Grande do Sul,2011,2012,Vice Chefe de Departamento,
3867942762661182,Universidade Federal do Rio Grande do Sul,2013,2014,Vice Chefe de Departamento,
3867942762661182,Concept Assessoria e Desenvolvimento de Sistemas S C Ltda,1995,1996,Programador de Sistemas,
3867942762661182,REIC. Revista Eletrônica de Iniciação Científica,2006,,,
3867942762661182,Sociedade Brasileira de Computação - Porto Alegre,1996,,Sócio Efetivo,
3867942762661182,Sociedade Brasileira de Computação - Porto Alegre,2013,,Diretora Administrativa,
3867942762661182,Revista de Informática Teórica e Aplicada,2007,,,
3867942762661182,Information Systems,2008,2008,,
3867942762661182,Data &amp, Knowledge Engineering,2007,,
3867942762661182,REIC. Revista Eletrônica de Iniciação Científica,2004,,,
3867942762661182,Journal of the Brazilian Computer Society,2008,2008,,
3867942762661182,Universidade Federal de Minas Gerais,2009,2011,Pesquisador,
5020653372999435,Universidade Federal de Santa Catarina,2004,2004,Monitor,
5020653372999435,Universidade Federal de Santa Catarina,2005,2006,Bolsista de desenvolvimento,
5020653372999435,Módula Software Ltda.,2006,2007,Estagiário,
5020653372999435,Fundação do Ensino da Engenharia em Santa Catarina,2008,2008,Analista de Sitemas,
4767378073568656,Universidade Federal do Rio Grande do Sul,2003,2005,Pesquisador,
4767378073568656,Idea Tecnologia da Informação Ltda.,2004,2006,Desenvolvedor JAVA,
4767378073568656,Stefanini Soluções em tecnologia da Informação S/A.,2007,,Desenvolvedor JAVA Documentum,
3566418214259909,Universidade Estadual de Londrina,2014,2015,Inciação Científica,
8488632251760640,Fundação Hospitalar Santa Terezinha,2013,2015,Estagiário,
8488632251760640,Universidade Regional Integrada do Alto Uruguai e das Missões,2014,2014,Bolsista,
8488632251760640,Universidade Regional Integrada do Alto Uruguai e das Missões,2015,,Bolsista,
8488632251760640,Compasso,2015,2016,Estagiário,
6363039364181184,TCM Informatica,2000,,Analista de Sistemas,
6363039364181184,StudioD - Web e Mídia Digital,2001,2002,Analista de Sistemas,
6363039364181184,Jornal Gazeta Ilha Norte,1999,2000,Programador,
6363039364181184,Fundação de Ciência e Tecnologia do Estado de Santa Catarina,1999,1999,Administrador da Rede,
6363039364181184,Universidade Federal de Santa Catarina,1998,1999,Administrador de Banco de Dados,
6363039364181184,Faculdade Estácio de Sá de Santa Catarina,2006,,Professor,
8796491947184490,Universidade Federal do Rio Grande,2010,2010,Núcleo de Video Web Conferência,
8796491947184490,Universidade Federal do Rio Grande,2009,2009,Manutenção do Laboratório.,
8796491947184490,Universidade Federal do Rio Grande,2011,2011,Desenvolvimento framework.,
8796491947184490,Universidade Federal do Rio Grande,2011,2012,Projeto de Inclusão Digital em Rio Grande,
8796491947184490,Universidade Federal do Rio Grande,2018,2018,Trabalho voluntário - Professor,
8796491947184490,Universidade Federal do Rio Grande,2019,2019,Professor Substituto,
8796491947184490,Universidade Federal do Rio Grande,2019,,Pos-doutorado,
8796491947184490,WD House,2013,2013,Estagiário,
8796491947184490,Revista Jr de Iniciação Científica em Ciências Exatas e Engenharia - ICCEE,2013,2015,,
8796491947184490,Universidad Pública de Navarra,2015,2018,Bolsista de doutorado - CNPq,
6882914796754390,MicroWay Cursos e Treinamentos,2013,2013,Monitor,
6882914796754390,BRF - Brasil Foods,2015,2016,Assistente de Suporte,
6882914796754390,BRF - Brasil Foods,2016,2018,Assistente Administrativo,
6882914796754390,Serviço Nacional de Aprendizagem Comercial - SC,2019,,Professor Informática,
6882914796754390,Agromanager Sistemas,2019,,Programador Júnior,
3061704612929866,Pontifícia Universidade Católica do Rio Grande do Sul,2001,2004,Estágio,
3061704612929866,Pontifícia Universidade Católica do Rio Grande do Sul,2005,2006,Pesquisa e Desenvolvimento,
943321240537948,Escola SENAI Ji-Paraná,2012,2015,Instrutor,
943321240537948,Centro Universitário Luterano de Ji-Paraná,2012,2015,Presidente do C.A. de Sstemas de Informação,
943321240537948,Instituto Federal de Educação Ciência e Tecnologia de Rondônia,2016,,Professor de Informática,
943321240537948,Instituto Federal de Educação Ciência e Tecnologia de Rondônia,2019,,Coordenador de Pesquisa e Inovação,
943321240537948,Instituto Federal de Educação Ciência e Tecnologia de Rondônia,2017,2019,Coordenador de Formação Inicial e Continuada,
943321240537948,Instituto Federal de Educação Ciência e Tecnologia de Rondônia,2018,2019,Coordenador da Rede de Incubadoras - Calama,
2878943895928097,Universidade Católica de Pelotas,1998,2004,Auxiliar de Ensino,
2878943895928097,Universidade Católica de Pelotas,2006,2007,Bolsista CNPq,
2878943895928097,Faculdade de Tecnologia SENAC Pelotas,2005,,Professor Adjunto,
2878943895928097,ABDEM Colégio Santa Margarida,1994,2006,Professor de 2º Grau,
2878943895928097,Interface Informática,1993,1997,Programador,
2878943895928097,ASSOC PROPR IMOVEIS DE PELOTAS,1997,2001,PROGRAMADOR E ANALISTA,
2878943895928097,Competência - Revista da Educação Superior do Senac-RS,2013,2013,,
7758924784164781,Eurociber Portugal Tecnologias de Informação Sa,1999,2000,Estagiário,
7758924784164781,Centro Universitário Luterano de Palmas - Universidade Luterana do Brasil,2001,2004,,
7758924784164781,Universidade Luterana do Brasil,2004,2006,Professor Horista,
7758924784164781,Sig Soluções Em Informática e Gestão,2004,2004,Analista de Sistemas,
7758924784164781,Universidade Federal do Rio Grande do Sul,2004,2008,Aluna de Doutorado,
7758924784164781,Universidade Federal do Rio Grande do Sul,2007,2008,Professor substituto,
7758924784164781,REIC. Revista Eletrônica de Iniciação Científica,2007,,,
7758924784164781,"University of California, Los Angeles",2006,2007,Bolsista de doutorado - estágio sanduíche,
7758924784164781,Universidade Federal do Pampa,2008,2008,Assistente,
7758924784164781,Universidade Federal do Pampa,2009,2009,Adjunto I,
7758924784164781,Pontifícia Universidade Católica do Rio Grande do Sul,2008,2008,Professor horista,
7758924784164781,Universidade de Caxias do Sul,2005,2005,Professor horista,
7758924784164781,Universidade Federal de Santa Maria,2009,2011,Adjunto I,
7758924784164781,Universidade Federal de Santa Maria,2011,2013,Adjunto II,
7758924784164781,Universidade Federal de Santa Maria,2013,2015,Adjunto III,
7758924784164781,Universidade Federal de Santa Maria,2015,2017,Adjunto IV,
7758924784164781,Universidade Federal de Santa Maria,2017,2019,Professor Associado I,
7758924784164781,Universidade Federal de Santa Maria,2019,,Professor Associado II,
7758924784164781,Revista de Sistemas de Informação da Faculdade Salesiana Maria Auxiliadora,2009,,,
7758924784164781,RBCA: Revista de Brasileira de Computação Aplicada,2010,,,
7758924784164781,Journal of Information and Data Management - JIDM,2013,2013,,
7758924784164781,Revista ComInG - Communications and Innovations Gazette,2015,,,
7758924784164781,ACM Computing Surveys,2016,2016,,
7758924784164781,Software and Systems Modeling,2017,2017,,
7758924784164781,Fundação de Amparo à Ciência e Tecnologia do Estado de Pernambuco,2018,2018,,
7758924784164781,Fundação de Amparo à Ciência e Tecnologia do Estado de Pernambuco,2019,,,
7758924784164781,INTERNATIONAL JOURNAL OF SOFTWARE ENGINEERING AND KNOWLEDGE ENGINEERING,2018,2018,,
1789870053639215,Universidade Regional Integrada do Alto Uruguai e das Missões,2011,2012,Bolsista,
1789870053639215,Prefeitura Municipal de Santiago,2012,2013,Agente de Saúde,
1789870053639215,Governo do Estado do Rio Grande do Sul,2013,2015,Assistente Administrativo,
1789870053639215,Universidade Federal de Santa Maria,2015,2017,Bolsista,
1789870053639215,Instituto Federal Farroupilha,2016,2017,Docente Substituto,
1789870053639215,Ávato,2018,,Programadora,
5726259776195113,Prosperi (DLN Consultoria e Informatica Ltda),2011,2013,Desenvolvedor de Sistemas,
5726259776195113,Open Manager (L Alves de Jesus Malini),2016,2017,Analista de Sistemas,
5726259776195113,"Instituto Federal de Educação, Ciência e Tecnologia do Espírito Santo",2016,,Pesquisador,
5726259776195113,NET PLUS INFORMATICA LTDA ME,2015,2016,Analista de Sistemas,
1853313255345200,Universidade da Região da Campanha,1997,1999,Professor Horista,
1853313255345200,Universidade da Região da Campanha,2001,2006,Assistente,
1853313255345200,Universidade Católica de Pelotas,1993,1995,Monitor,
1853313255345200,Universidade Católica de Pelotas,1995,1995,Bolsista de Iniciação Científica,
1853313255345200,Pontifícia Universidade Católica do Rio Grande do Sul,1999,2001,Professor Auxiliar,
1853313255345200,Fundação de Ensino Superior da Região Centro-Sul,2001,2002,Professor Horista,
1853313255345200,Prefeitura Municipal de São Gabriel,2002,2003,Analista de Sistemas,
1853313255345200,Centro Universitário Franciscano,2003,2006,Professor,
1853313255345200,Centro Universitário Franciscano,2010,2011,Professor Adjunto,
1853313255345200,Sociedade Educacional Três de Maio,2004,2004,,
1853313255345200,Centro Federal de Educação Tecnológica de São Vicente do Sul,2006,2008,Professor de I e II Graus,
1853313255345200,REAd. Revista Eletrônica de Administração,2001,2012,,
1853313255345200,Revista do CCEI,2006,2012,,
1853313255345200,Universidade do Estado de Santa Catarina,2008,2010,Professor Adjunto,
1853313255345200,Revista do CCEI,2004,2010,,
1853313255345200,Universidade do Contestado Campus Canoinhas,2008,2008,Professor de Pós-Graduação,
1853313255345200,Universidade Federal de Santa Maria,2011,,Professor Associado,
1853313255345200,Revista Científica da UninCor,2011,,,
1853313255345200,Brazilian Journal of Science and Technology,2013,2016,,
1853313255345200,"Revista GEINTEC: gestao, inovacao e tecnologias",2014,,,
1853313255345200,S &amp, G. Sistemas &amp, Gestão,2014,
1853313255345200,Universidade do Minho,2016,,Pesquisador no Lab of Virtual Enterprises,
1853313255345200,Exacta (São Paulo. Impresso),2016,,,
1853313255345200,Technical Gazzette,2016,,,
963406821901524,IBM Brasil,2008,,Analista de Suporte,
963406821901524,Centro Universitário do Norte Paulista,2012,,Professor,
9408286832772730,Prefeitura Municipal de Lauro Muller,1994,1994,Bolsista,
9408286832772730,Eeb Walter Holthausen,1996,1997,,
9408286832772730,Betha Sistemas,1998,1998,Bolsista,
9408286832772730,Dells Informática,1998,1999,,
9408286832772730,Luminar Comércio e Industria Ltda,1999,2000,Auxiliar de CPD,
9408286832772730,Gsti Tecnologia da Informação,2000,2000,Pessoa Jurídica,
9408286832772730,Centro de Informática e Automação do Estado de Santa Catarina,2002,2003,Analista de Informática,
9408286832772730,Tribunal de Justica do Estado de Santa Catarina,2003,,Analista de Sistemas,
166466226010035,Warpol - Indústria de Alimentos Ltda,1997,2000,Analista de Sistemas,
166466226010035,Universidade Federal do Rio Grande do Sul,2005,2006,Bolsista DTI - Projeto Digitex,
166466226010035,Universidade Federal do Rio Grande do Sul,2003,2005,Mestranda,
166466226010035,Universidade Federal do Rio Grande do Sul,2002,2002,Bolsista DTI - Projeto AdaptWeb,
166466226010035,Universidade Federal do Rio Grande do Sul,2000,2001,Bolsista DTI - Projeto Tapejara,
166466226010035,Universidade Federal do Rio Grande do Sul,2005,2005,Bolsista DTI - Projeto AdaptWeb,
166466226010035,TreinaCentrics - Treinamento Corporativo,2003,2007,Instrutora,
166466226010035,Faculdade Cenecista de Osório,2007,2016,Professor de Ensino Superior,
166466226010035,Faculdade Cenecista de Osório,2015,2016,Coordenadora de Curso de Graduação,
166466226010035,Revista iTEC,2010,2015,,
166466226010035,Anais da Mostra Integrada de Iniciação Científica,2015,,,
166466226010035,Trajetória Multicursos,2017,,,
166466226010035,Centro Universitário Cenecista de Osório,2017,,Coordenadora de curso de graduação,
166466226010035,Centro Universitário Cenecista de Osório,2017,,Professor Adjunto Nível III - EAD,
166466226010035,Centro Universitário Cenecista de Osório,2018,,Professor Adjunto Nível III,
166466226010035,Revista Trajetória Multicursos,2016,,,
6968807521387651,Centro de Informática e Telecomunicações da Polícia Militar do Pará,2006,2008,Estagiário de Desenvolvimento de Softwares,
6968807521387651,Universidade Presbiteriana Mackenzie,2010,,Pesquisador,
6968807521387651,International Journal of Computing Sciences Research (IJCSR),2017,,,
1108920954251199,Universidade Federal do Rio Grande,2010,,Analista de TI,
1108920954251199,Vetorianet Inf. e Serv. de comunicação LTDA,2005,2008,Programador de sistema,
1108920954251199,Datamex Tecnologia da Informação LTDA,2008,2010,Programador de computador,
1108920954251199,Garcia Informática,2002,2004,Técnico em informática,
9486400043926460,Incubadora Tecnólogica de Santa Maria,2002,2003,Sócio-Empreendedor,
9486400043926460,IET Power Electronics,2009,,,
9486400043926460,Universidade Regional do Noroeste do Estado do Rio Grande do Sul,2006,2007,Professor Horista,
9486400043926460,Universidade Regional do Noroeste do Estado do Rio Grande do Sul,2007,2009,Professor Associado,
9486400043926460,Eletrônica de Potência (Impresso),2012,,,
9486400043926460,Universidad Nacional de Misiones,2014,2017,Professor,
9727123750824950,Instituto Tecnológico Simepar,2000,2004,Empregado,
9727123750824950,Esso Brasileira de Petróleo,2004,2006,Analista de Sistemas,
9727123750824950,Universidade Estadual de Campinas,2011,2011,Docente,
9727123750824950,Universidade Federal do Paraná,1998,1998,Monitor,
9727123750824950,Ayuntamiento de Torremolinos,2000,2000,Estágio,
9727123750824950,Companhia Paranaense de Energia,1999,1999,Estágio,
9727123750824950,Universidade Tecnológica Federal do Paraná,2012,2012,Professor Adjunto,
9727123750824950,Universidade Tecnológica Federal do Paraná,2012,,Professor Adjunto II,
9727123750824950,Multimedia Tools and Applications,2013,,,
9727123750824950,"IMB BRASIL-INDUSTRIA, MAQUINAS E SERVIÇOS LTDA",2006,2012,Funcionário,
9727123750824950,Associação Brasileira de Normas Técnicas - Sede,2019,,Membro de Comissão,
9727123750824950,ISPRS International Journal of Geo-Information,2019,,,
4515546957805206,Universidade Federal de Santa Maria,2007,2009,Bolsista do Programa de Educação Tutorial,
4515546957805206,Universidade Federal de Santa Maria,2009,2011,Bolsista BIT,
3646026898257545,Universidade Federal do Pampa,2010,2010,Colaborador,
3646026898257545,Universidade Federal do Pampa,2011,2011,Colaborador,
3646026898257545,Universidade Federal do Pampa,2012,2012,Colaborador,
3646026898257545,Universidade Federal do Pampa,2013,2013,Colaborador,
3646026898257545,Junior Achievement,2006,2006,Participante,
3646026898257545,drSistemas,2008,2010,Técnico em Informática,
3646026898257545,Caixa Econômica Federal,2007,2007,Estagiário,
3646026898257545,Ideiah Soluções em Software Júnior,2012,2013,Diretor Administrativo,
3646026898257545,Diretório Acadêmico de Engenharia de Software,2010,2012,Vice-Presidente,
3646026898257545,Prefeitura Municipal de Sobradinho,2008,2008,Professor de Informática,
3646026898257545,Universidade Federal de Santa Maria,2014,2015,Bolsista,
3646026898257545,Universidade Federal de Santa Maria,2014,2015,Professor Substituto,
3646026898257545,Instituto Federal Farroupilha,2015,,"Professor Ens. Básico, Técnico e Tecnológico",
7586076453217115,Universidade Federal do Pampa,2014,,,
4940517936484660,Hospital e Maternidade Dom Orione,2003,2014,Coordenador de Tecnologia da Informação,
4940517936484660,SENAI - Departamento Regional de Tocantins,2007,2008,Instrutor Tecnologia da Informação,
4940517936484660,SENAI - Departamento Regional de Tocantins,2003,2003,Professor Curso Técnico em Informática,
4940517936484660,Centro Universitário Tocantinense Presidente Antônio Carlos,2002,2016,Professor de Ensino Superior,
4940517936484660,Faculdade Maurício de Nassau de Maceió,2015,2018,Professor,
4940517936484660,Universidade Federal de Pernambuco,2014,2018,Estudante de Doutorado,
4940517936484660,Universidade Federal de Alagoas,2018,,Professor Adjunto A,
5581053144239848,Universidade Franciscana,2011,2011,Estagiário na área de Sistemas de Informação,
5581053144239848,Jornal do Garcia,2012,2014,Desenvolvedor Web do Jornal,
5581053144239848,Conexão Assessoria Contábil,2015,2016,Configuração de servidores e acessos web.,
5581053144239848,Fundação para o Desenvolvimento de Recursos Humanos,2011,2012,Estagiário no Banco Banrisul,
6691159669413992,Universidade Estadual do Norte do Paraná - Campus Luiz Meneghel,2011,2011,Projeto Inclusão Digital no Norte do Paraná,
6691159669413992,Universidade Estadual do Norte do Paraná - Campus Luiz Meneghel,2012,2013,Projeto Robótica Educacional,
6691159669413992,Universidade Estadual do Norte do Paraná - Campus Luiz Meneghel,2013,2014,Projeto AGILE ROLAP,
6691159669413992,Setup Junior Consultoria e Desenvolvimento,2012,2013,Diretor de Tecnologia da Informação,
6691159669413992,Relbt Soluções em Tecnologia da Informação e Comunicação LTDA,2014,2015,Sócio Diretor,
6691159669413992,Tribunal Regional do Trabalho da 15ª Região,2015,,Técnico Judiciário,
9940289333509770,Universidade de Caxias do Sul,1990,2013,Professor Adjunto,
9940289333509770,Universidade de Caxias do Sul,1977,1978,Auxiliar de Escritório II- Padrão 4,
9940289333509770,Universidade de Caxias do Sul,1991,1992,Técnico de Laboratório,
9940289333509770,Universidade de Caxias do Sul,2010,,Diretora do Instituto de Saneamento Ambiental,
9940289333509770,Universidade de Caxias do Sul,2013,2016,Doutor Titular I,
9940289333509770,Universidade de Caxias do Sul,1986,1986,Membro do Conselho Universitário,
9940289333509770,Universidade de Caxias do Sul,2010,2018,RT Programa de gerenciamento Ambiental UCS,
9940289333509770,Universidade de Caxias do Sul,2010,2018,RT Gerenciamento de Resíduos Sólidos UCS,
9940289333509770,Universidade de Caxias do Sul,1998,2018,RT Gerenciamento de Resíduos Sólidos HG,
9940289333509770,Universidade de Caxias do Sul,2016,2017,RT Estudos hidrológicos - Seara,
9940289333509770,Universidade de Caxias do Sul,2016,2018,RT PGRS - Carvi,
9940289333509770,Universidade de Caxias do Sul,2016,2018,RT Plano Gerenc. Resíduos Sólidos / UCS,
9940289333509770,Universidade de Caxias do Sul,2016,2018,RT Licenciamento Ambiental UCS,
9940289333509770,Universidade de Caxias do Sul,2015,2018,RT PGRSS UCS,
9940289333509770,Universidade de Caxias do Sul,2015,2018,RT Licenciamento Camva,
9940289333509770,Universidade de Caxias do Sul,2016,2018,RT Licenciamento Carvi,
9940289333509770,Universidade de Caxias do Sul,2016,2017,RT Estudos resíduos Antônio Prado,
9940289333509770,Universidade de Caxias do Sul,2016,2018,RT Licenciamento HG,
9940289333509770,Universidade de Caxias do Sul,2015,2018,RT PGRSS HG,
9940289333509770,Universidade de Caxias do Sul,2016,2018,Responsável Técnico-Qualidade Rio São Marcos,
9940289333509770,Universidade de Caxias do Sul,2016,,Doutor Titular II,
9940289333509770,Universidade de Caxias do Sul,2011,2015,Núcleo Docente Estruturante-Engenharia Ambien,
9940289333509770,Universidade de Caxias do Sul,2000,2002,Membro do Colegiado-Curso Biologia - CARVI,
9940289333509770,Universidade de Caxias do Sul,2011,2012,Núcleo Docente Estruturante-Ciências/Biologia,
9940289333509770,Universidade de Caxias do Sul,2012,2016,Núcleo Docente Estruturante-Biológia Licenc.,
9940289333509770,Universidade de Caxias do Sul,2013,2016,Núcleo Docente Estruturante-Biologia Bacharel,
9940289333509770,Universidade de Caxias do Sul,2017,2018,Responsável Técnico - Plano de Bacia/Vacaria,
9940289333509770,Universidade de Caxias do Sul,2017,2018,Responsável Técnico-Poços São Marcos,
9940289333509770,Universidade de Caxias do Sul,2017,2018,Responsável Técnico - Laudos Juventude,
9940289333509770,Universidade de Caxias do Sul,2017,2018,Responsável Técnico - CR Reversos/Farroupilha,
9940289333509770,Universidade de Caxias do Sul,2017,2018,Responsável Técnico-PS Antônio Prado,
9940289333509770,Universidade de Caxias do Sul,2020,,Membro do Conselho Editorial da EDUCS,
9940289333509770,Sistemas de Proteção Ambiental,1992,1992,Consultora,
9940289333509770,Prefeitura Municipal de Bento Gonçalves,1993,1993,Assessor Técnico,
9940289333509770,Prefeitura Municipal de Bento Gonçalves,1999,2000,consultor técnico,
9940289333509770,Associação Caxiense de Proteção Ao Ambiente Natural,1986,1986,Sócio Fundador,
9940289333509770,Associação Caxiense de Proteção Ao Ambiente Natural,1986,1988,Segundo secretário,
9940289333509770,Conselho Estadual de Meio Ambiente,2002,2004,Participação no grupo de trabalho de resíduos,
9940289333509770,Comitê de Gerenciamento da Bacia Hidrográfica do Rio Taquari Antas,1999,2010,Membro da comissão de Educação Ambiental,
9940289333509770,Comitê de Gerenciamento da Bacia Hidrográfica do Rio Taquari Antas,2002,2002,Representante dos Comitês de Bacias Hidrográf,
9940289333509770,Comitê de Gerenciamento da Bacia Hidrográfica do Rio Taquari Antas,2003,2014,Categoria população - Instituições de Ensino,
9940289333509770,Comitê de Gerenciamento da Bacia Hidrográfica do Rio Taquari Antas,2017,,Titular da Categoria IES,
9940289333509770,Sociedade Educacional Leonardo da Vinci,1988,1992,,
9940289333509770,Campanha Nacional de Escolas da Comunidade Setor Local da Cnec Nova Petrópo,1989,1990,,
9940289333509770,Sociedade Caritativa Literária São José Colégio São José,1989,1989,,
9940289333509770,Cursão Unificado,1990,1991,,
9940289333509770,Fundação Educacional da Região dos Vinhedos,1990,1995,Professor Horista,
9940289333509770,Faculdade Cenecista de Bento Gonçalves,2003,2005,,
9940289333509770,Revista Panamericana de Salud Pública,2003,,Revisora,
9940289333509770,Instituto de Estudos e Pesquisas Ambientais Sociais Econômicas e Em Direito,2002,2004,Consultoria,
9940289333509770,Revista Engenharia Sanitária e Ambiental,2004,,Revisor,
9940289333509770,UNIVERSIDADE DE VASSOURAS,2006,,Parecerista Ad hoc,
9940289333509770,Revista Biociências,2006,,Revisora,
9940289333509770,"Fundação de Apoio ao Desenvolvimento do Ensino, Ciência e Tecnologia do MS",2006,2007,Consultor ad hoc,
9940289333509770,Conselho Municipal de Defesa do Meio Ambiente-Caxias do Sul,2007,2012,Suplente,
9940289333509770,Associação Brasileira de Engenharia Sanitária e Ambiental,2000,,Sócio,
9940289333509770,Associação Brasileira de Engenharia Sanitária e Ambiental,2009,2011,Membro do Conselho Fiscal,
9940289333509770,Associação Brasileira de Engenharia Sanitária e Ambiental,2011,2015,Membro da Diretoria - Conselho Fiscal,
9940289333509770,Associação Brasileira de Engenharia Sanitária e Ambiental,2013,2015,Membro do Conselho Consultivo,
9940289333509770,Associação Brasileira de Engenharia Sanitária e Ambiental,2015,2017,Presidente da subseção Serra (Abes - RS),
9940289333509770,Associação Brasileira de Engenharia Sanitária e Ambiental,2016,,Membro da Câmara Temática de Resíduos Sólidos,
9940289333509770,Associação Brasileira de Engenharia Sanitária e Ambiental,2016,,Representante da ABES junto a DIRSA/AIDIS,
9940289333509770,Associação Brasileira de Engenharia Sanitária e Ambiental,2016,2017,Representante junto ao Comitê Taquari-Antas,
9940289333509770,Agência Nacional de Vigilância Sanitária,2003,2003,participante do GT de resíduos de medicamento,
9940289333509770,Engenharia Sanitária e Ambiental,2005,,,
9940289333509770,Secretaria Estadual do Meio Ambiente (RS),2003,2003,sem vínculo,
9940289333509770,Revista Panamericana de Salud Pública / Pan American Journal of Public Heal,2006,2006,,
9940289333509770,Fundação Estadual de Proteção Ambiental Henrique Luís Roessler,2003,2003,sem enquadramento,
9940289333509770,Fundação Estadual de Proteção Ambiental Henrique Luís Roessler,1999,1999,Membro da Câmara Técnica Provisória,
9940289333509770,Turku University of Aplied Science,2007,2007,Professor Visitante,
9940289333509770,Turku University of Aplied Science,2011,2011,Professor Visitante,
9940289333509770,Turku University of Aplied Science,2006,2007,Professor e pesquisador visitante,
9940289333509770,Revista Biociências (Taubaté),2006,,,
9940289333509770,Secretaria Estadual do Meio Ambiente,2001,2002,Membro da câmara Técnica de Resíduos Sólidos,
9940289333509770,Fiema Brasil - Feira Internacional de Tecnologia para o Meio Ambiente,2004,2017,Diretora,
9940289333509770,Fiema Brasil - Feira Internacional de Tecnologia para o Meio Ambiente,2008,2016,Avaliador Prêmio Fiema,
9940289333509770,Fiema Brasil - Feira Internacional de Tecnologia para o Meio Ambiente,2008,2017,Coordenadora do Congresso Internacional,
9940289333509770,Fiema Brasil - Feira Internacional de Tecnologia para o Meio Ambiente,2015,,Membro da Comissão Científica do FiemaCon,
9940289333509770,Instituto de Pesquisa Econômica Aplicada - DF,2011,2011,Bolsista,
9940289333509770,Conselho Municipal de Defesa do Meio Ambiente de Bento Gonçalves,2011,2012,Suplente do Conselho,
9940289333509770,Programa Alfa II - Rede Jean Mermoz,2005,2006,Bolsista,
9940289333509770,Revista Desenvolvimento e Meio Ambiente,2013,,,
9940289333509770,Instituto Porto Alegre Ambiental,2012,2012,Responsável Técnico - Biólogo,
9940289333509770,Sociedade Caxiense de Cultura,1990,1991,Professora,
9940289333509770,Ambiativa Consultoria Ambiental Ltda,2014,2015,Consultor Técnico,
9940289333509770,Ministério da Defesa,2014,2014,Não Há,
9940289333509770,Ministério da Saúde,2014,2014,Parecerista ad hoc,
9940289333509770,Ministério da Saúde / SUS,2014,2014,,
9940289333509770,Fundação Parque Tecnológico Itaipu Brasil,2014,2015,Conteudista,
9940289333509770,Scientia cum Industria,2014,,,
9940289333509770,SCIENTIA CUM INDUSTRIA,2015,,,
9940289333509770,Global Engenharia,2001,2002,Apoio Técnico,
9940289333509770,Global Engenharia,2002,2002,Apoio Técnico,
9940289333509770,Global Engenharia,2016,2018,Assessoria Técnica - Elaboração PGIRS/CISGA,
9940289333509770,URBE. REVISTA BRASILEIRA DE GESTÃO URBANA,2017,,,
9940289333509770,Journal of Hydrogeology &amp, Hydrologic Engineering,2017,,
9940289333509770,Associación Interamericana de Ingenieria Sanitaria y Ambiental,2016,,Membro da División de Resíduos-DIRSA,
9940289333509770,Universidad Católica de Trujillo Benedito XVI,2018,,Professor Visitante,
9940289333509770,International Conference on Advances in Civil and Ecological Engenieering R,2020,,,
9751072612298490,Lógica Informatica,2008,,Analista de Sistemas Pleno,
9751072612298490,REINKE &amp, CIA LTDA,2005,2008,Técnico em Informática
9751072612298490,Universidade de Cruz Alta,2015,2015,,
9751072612298490,,,,,
4011022927056926,Neogrid S.A,2003,2005,Programador Júnior,
4011022927056926,Universidade do Estado de Santa Catarina,2007,2010,Professor Colaborador,
4011022927056926,Universidade do Estado de Santa Catarina,2014,2014,Professor Colaborador,
4011022927056926,Universidade do Estado de Santa Catarina,2014,,Professor Adjunto,
4011022927056926,INNOVARE INFORMÁTICA,2005,2006,Programador Pleno,
4011022927056926,Universidade Federal do Paraná,2010,2014,aluno de doutorado,
4011022927056926,iSys - Revista Brasileira de Sistemas de Informação,2018,,,
4011022927056926,Revista Brasileira de Informática na Educação (RBIE),2019,,,
4011022927056926,Journal of Information and Data Management - JIDM,2018,,,
4011022927056926,VLDB JOURNAL,2018,,,
6154063301402982,Fundação de Amparo e Desenvolvimento da Pesquisa do Pará,2003,2005,Programador,
6154063301402982,Fundação de Amparo e Desenvolvimento da Pesquisa do Pará,2007,2008,Analista de Sistemas,
6154063301402982,Fundação de Amparo e Desenvolvimento da Pesquisa do Pará,2008,2009,Administrador de Dados,
6154063301402982,Escola Superior da Amazônia,2008,2009,Professor,
6154063301402982,Stefanini Consultoria e Assessoria em Informática,2009,2010,Administrador de Dados,
6154063301402982,Cobra Tecnologia,2010,2013,Analista de Operações - Sistemas,
6154063301402982,Faculdade Ipiranga,2011,2013,Professor Horista,
6154063301402982,Centro Universitário do Estado do Pará,2011,,Professor Horista,
6154063301402982,Instituto Evandro Chagas,2013,,Analista de Gestão - Banco de Dados,
2679046162732159,Universidade Federal de Lavras,2007,2009,Iniciação Científica,
2679046162732159,Comunidade Sacramento de Amor,2008,2009,Web Designer,
2679046162732159,Tbit Tecnologia e Sistemas,2010,,Desenvolvedor,
9603191382860030,,,,,
1505588047062627,Instituto Nacional de Pesquisas Espaciais,2010,2011,Aluno de Iniciação Científica,
1505588047062627,Instituto Nacional de Pesquisas Espaciais,2011,2011,Aluno de Iniciação Científica,
1505588047062627,Universidade Federal de Santa Maria,2008,2011,Aluno de Graduação,
1505588047062627,Universidade Federal de Santa Maria,2011,2011,Monitor,
1505588047062627,Universidade Federal do Rio Grande do Sul,2012,2014,Bolsista de Mestrado,
1505588047062627,Escola Fórmula - IAPC,2013,2013,Estagiária,
1505588047062627,Instituto de Previdência do Estado do Rio Grande do Sul,2014,2014,Analista de Sistemas,
1505588047062627,Instituto Federal Farroupilha,2014,,ANALISTA DE TECNOLOGIA DA INFORMAÇÃO,
1505588047062627,Instituto Federal Farroupilha,2016,2016,PROFESSOR DE CURSO TÉCNICO - PRONATEC,
1800535181331562,Universidade do Vale do Itajaí,2002,2003,Voluntário,
1800535181331562,Universidade do Vale do Itajaí,2006,2007,Administrador de Banco de Dados,
1800535181331562,Softplan Planejamento e Sistemas,2008,,Administrador de banco de dados,
9339111529388740,Nexxera Tecnologia e Serviços S.A.,2002,2004,Administrador de Bancos de Dados,
9339111529388740,Suntech Sistemas,2004,2005,Administrador de Bancos de Dados,
9339111529388740,Hoplon Infotainment,2005,2006,Administrador de Bancos de DAdos,
9339111529388740,OpenS Tecnologia e Processamento de Dados,2006,2006,Programador,
9339111529388740,Adept Desenvolvimento e Comercialização de Softwares,2006,2010,Programador,
9339111529388740,Poligraph Sistemas e Representações,2010,2014,Administrador de Bancos de Dados,
9339111529388740,Universidade do Vale do Itajaí,2015,2017,Estudante de Pós-Graduação,
9339111529388740,Universidade do Vale do Itajaí,2017,2017,Professor Colaborador,
9339111529388740,Universidade do Vale do Itajaí,2017,2018,,
9339111529388740,Rede Nacional de Ensino e Pesquisa,2017,2017,Assistente (Desenvolvedor Júnior),
9339111529388740,Instituto de Ensino Superior da Grande Florianópolis,2018,,Professor,
9339111529388740,Secretaria da Segurança Pública e Defesa do Cidadão de Santa Catarina,2018,2019,Pesquisador,
9339111529388740,Centro Universitário Barriga Verde,2018,2018,Professor,
9339111529388740,DataCloud Brasil,2019,,Pesquisador,
9339111529388740,Universidade do Sul de SC,2018,,Professor,
436674201471603,Escritório Forgiarini,1998,2000,,
436674201471603,Probank Ltda,2000,2003,Digitador,
436674201471603,Expresso Medianeira Ltda,2003,2003,,
436674201471603,Conselho Nacional de Desenvolvimento Científico e Tecnológico,2003,,Bolsista,
2747626874611692,Instituto Federal do Paraná,2015,,TÉCNICO DE TECNOLOGIA DA INFORMAÇÃO,
7881671179759264,Universidade Estadual do Oeste do Paraná,2010,2012,Estagiário de Iniciação Científica,
7881671179759264,Universidade Federal de Santa Catarina,2013,,Bolsista de Mestrado,
7881671179759264,Consiglio Nazionale delle Ricerche,2014,,Colaborador,
370301102971417,Bitavel,2001,2003,Analista/Desenvolvedor Web,
370301102971417,Câmara de Dirigentes Lojistas (ES),2000,2001,Analista/Desenvolvedor Web,
370301102971417,VixTeam - Consultoria e Sistemas,2000,2000,Desenvolvedor Web,
370301102971417,Gaia Informática,1999,2000,Desenvolvedor Lotus Notes,
370301102971417,University of Waterloo,2007,2010,Teaching Assistant,
370301102971417,Universidade Estadual de Campinas,2007,2007,Pesquisador/Desenvolvedor Web,
370301102971417,Elabora Consultoria e Participações,2011,2012,Pesquisador,
370301102971417,Universidade Tecnológica Federal do Paraná,2015,,Professor Universitário,
370301102971417,,,,,
9661132812612210,Organização das Voluntárias de Goiás,2005,2007,Analista de Sistemas,
9661132812612210,Universidade Federal de Goiás,2001,2004,Consultor,
9661132812612210,Universidade Federal do Rio Grande do Sul,2007,2008,Pesquisador,
9661132812612210,Universidade Federal do Rio Grande do Sul,2008,2009,Pesquisador,
6130162565784855,Universidade do Estado de Santa Catarina,2005,2011,Acadêmico,
6130162565784855,Universidade do Estado de Santa Catarina,2008,2009,Webmaster,
6130162565784855,Maxximo Fidelidade,2012,,Analista de Sistemas,
6130162565784855,Engecorps Engenharia S/A,2011,2011,Programador JAVA,
6130162565784855,NEOMIND SOLUTIONS INFORMÁTICA LTDA,2010,2011,Programador JAVA,
6130162565784855, P Informática,2009,2010,Programador ASP,
2770999583622791,Universidade Federal de Santa Maria,2004,2008,Bolsista PET - Ciência da Computação,
2770999583622791,Universidade Federal de Santa Maria,2006,2008,Colaborador do grupo GMob,
2770999583622791,Universidade Federal de Santa Maria,2008,2009,Colaborador do Grupo LSC,
2770999583622791,Universidade Federal de Santa Maria,2008,2008,Bolsista CPD - UFSM,
2770999583622791,Universidade Federal de Santa Maria,2008,2009,Bolsista de Iniciação Ciêntifica - CAPES,
2770999583622791,Prumos Interativa,2008,2008,Operador de Computador,
2770999583622791,Prumos Interativa,2009,2010,Programador de Computador,
2770999583622791,Ministério da Defesa,2010,2013,Oficial Técnico Temporário de Informática,
2770999583622791,Ministério da Defesa,2010,2010,Oficial Técnico Temporário de Informática,
2770999583622791,Universidade Federal do Pampa,2013,,Analista de Tecnologia da Informação,
734189352918833,Universidade Federal do Paraná,2006,,,
8420765645015906,Universidade Federal do Rio Grande,2011,2011,Bolsista de Iniciação Científica,
8420765645015906,Conselho Nacional de Desenvolvimento Científico e Tecnológico,2011,2012,Bolsista de Iniciação Tecnológica,
8420765645015906,Freedom Veiculos Eletricos,2012,2012,Estágiario,
8420765645015906,Ponto a Ponto Informática LTDA,2009,2009,Estágiario,
8420765645015906,Banco do Estado do Rio Grande do Sul S.A.,2013,,Analista,
7166030596636868,Associacão Brasileira de Criadores de Ovinos,2007,2010,Auxiliar Administrativo,
7166030596636868,Universidade da Região da Campanha,2010,2011,Desenvolvedor de Software,
7166030596636868,Universidade da Região da Campanha,2016,2017,Desenvolvedor de Software Sênior,
7166030596636868,Universidade da Região da Campanha,2016,2017,Professor do Ensino Superior,
7166030596636868,e-Core Desenvolvimento de Software,2012,2014,Desenvolvedor de Software Sênior,
7166030596636868,HealthPlan Services,2012,2014,Desenvolvedor de Software Sênior,
7166030596636868,Prefeitura Municipal de Bagé,2013,2017,Informata de Nível Superior,
7166030596636868,Universidade Federal do Rio Grande,2014,2014,Estagiário de Docência,
7166030596636868,Marine Systems &amp, Ocean Technology,2014,2014,
7166030596636868,Revista Junior de Iniciação Científica em Ciências Exatas e Engenharia,2015,,,
7166030596636868,Conselho Nacional de Desenvolvimento Científico e Tecnológico,2014,2014,Bolsista,
7166030596636868,Conselho Nacional de Desenvolvimento Científico e Tecnológico,2015,2016,Bolsista,
7166030596636868,Instituto Federal Sul-Rio-Grandense,2015,2015,Professor Substituto,
7166030596636868,Revista do CCEI,2017,,,
7166030596636868,"Instituto Federal de Educação, Ciência e Tecnologia Sul-rio-grandense",2017,,Docente,
4679763284278931,"Instituto Federal de Educação, Ciência e Tecnologia do Rio Grande do Sul",2011,2012,Estagiário no Suporte (TI),
4679763284278931,Prefeitura Municipal de Colorado,2013,2016,Suporte e administração (TI),
4679763284278931,ALTA Capital - Investimentos estratégicos,2018,,Desenvolvedor de Software,
4679763284278931,Cyber Cidades Tecnologias de internet,2016,2018,Desenvolvedor de Software,
3252850945130179,Eletromaq Engenharia Ltda,1986,1988,,
3252850945130179,Varig S A Viação Aérea Riograndense,1988,1994,,
3252850945130179,Vivendas Negócios Imobiliários Ltda,1994,,,
3252850945130179,Universidade de Santa Cruz do Sul,2007,2007,Estagiário,
3252850945130179,Centro de Educação Profissional,2007,2008,Professor,
5628596240762051,Universidade Federal do Pampa,2012,2013,,
7497320738069454,Universidade de Passo Fundo,2005,2008,Pesquisador,
7497320738069454,Atua Sistemas de Informação,2006,2007,Estagiário no Desenvolvimento de Sistemas,
7497320738069454,Atua Sistemas de Informação,2007,2009,Desenvolvedor de Sistemas,
7497320738069454,Universidade Federal do Rio Grande do Sul,2009,2010,Bolsista,
7497320738069454,Universidade Federal do Rio Grande do Sul,2010,2010,Não-bolsista,
7497320738069454,"Instituto Federal de Educação, Ciência e Tecnologia do Rio Grande do Sul",2010,,Professor,
7497320738069454,Godigital Tecnologia e Participações,2010,2010,Consultor,
7497320738069454,"Revista de Empreendedorismo, Inovação e Tecnologia",2015,,,
7497320738069454,Revista Brasileira de Computação Aplicada,2015,,,
7497320738069454,Revista de Informática Teórica e Aplicada: RITA,2015,,,
7497320738069454,Instituto Estadual de Educação Nossa Senhora Imaculada,2018,,,
7497320738069454,Universidade Federal da Fronteira Sul,2019,,,
2601009409434833,Instituto do Recôncavo de Tecnologia,2008,2008,Estagiária,
2601009409434833,Empresa Júnior de Informática da UFBA,2005,2008,Desenvolvedora/Diretora/Líder de Projeto,
2601009409434833,Centro de Capacitação em Automação industrial da UFBA,2008,2009,Iniciação Científica,
2601009409434833,Universidade Federal da Bahia,2009,2010,Iniciação Científica,
2601009409434833,TNO Tech,2010,2012,Analista de Sistemas Pleno,
2601009409434833,Minds At Work Sistemas e Projetos,2014,2014,Analista de Sistemas,
2601009409434833,Minds At Work Sistemas e Projetos,2014,,Analista de Sistemas Pleno,
6418980148142381,GETNET Tecnologia,2010,2018,Coordenador de TI,
6418980148142381,Confederação SICREDI,2008,2010,Analista de Sistemas,
6418980148142381,Confederação SICREDI,2018,2019,Cientista de Dados,
6418980148142381,Universidade do Vale do Rio dos Sinos,2015,2018,Professor Auxiliar,
6418980148142381,Tribunal Regional do Trabalho da 4ª Região,2019,,Técnico Judiciário - Esp. Tec. Informação,
6418980148142381,Pontifícia Universidade Católica do Rio Grande do Sul,2019,,Professor,
5701768524610057,Universidade do Vale do Itajaí,2001,2005,Analista de Suporte,
5701768524610057,Fundação do Ensino da Engenharia em Santa Catarina,2008,2014,Analista de Sistemas,
5701768524610057,Negócios de Informática,2005,2008,Consultor Técnico,
5701768524610057,Universidade Federal de Santa Catarina,2011,2011,Estágio de Docência,
3580058620034457,Universidade Federal de Santa Catarina,2005,2007,Estagiário,
3580058620034457,Universidade Federal de Santa Catarina,2007,2008,Estagiário,
3580058620034457,Cellmidia Comunicação Precisa,2008,2010,Administrador de Banco de Dados,
3580058620034457,BDInfo LTDA,2010,2011,Programador SQL,
3580058620034457,Inhonex LLA,2011,2013,Administrador de Banco de Dados,
3580058620034457,Dataminer DBM,2013,2016,Analista de Banco de Dados,
3580058620034457,Suntech | Grupo Verint,2016,2017,Analista de Banco de Dados,
9773578537743760,Universidade Federal de Santa Catarina,2008,2012,Bolsista em nível de Graduação,
9773578537743760,Universidade Federal de Santa Catarina,2013,,Pesquisador em nível de Mestrado,
8419929244627524,Universidade Estadual de Santa Cruz,2012,2014,Estagiário,
8419929244627524,Universidade Estadual de Santa Cruz,2014,2015,Aluno,
8419929244627524,,,,,
9113125773849540,Universidade Federal do Rio Grande do Sul,2001,2003,Bolsista,
9113125773849540,Tribunal Regional Federal da 4ª Região,2004,,"Técnica Judiciária, Especialidade Informática",
9113125773849540,TeleHUMANA Comunicações S.A.,2003,2004,Estagiária,
1217067328251304,Universidade Regional do Noroeste do Estado do Rio Grande do Sul,2002,2004,Professor Hora/Aula 12 Horas,
1217067328251304,Universidade Regional do Noroeste do Estado do Rio Grande do Sul,1990,1992,Técnico Médio N1,
1217067328251304,Universidade Regional do Noroeste do Estado do Rio Grande do Sul,2004,2008,Professor Assistente N1- 30 horas,
1217067328251304,Universidade Regional do Noroeste do Estado do Rio Grande do Sul,1992,1992,Analista de Suporte Junior,
1217067328251304,Universidade Regional do Noroeste do Estado do Rio Grande do Sul,1992,1995,Técnico Médio N2,
1217067328251304,Universidade Regional do Noroeste do Estado do Rio Grande do Sul,1995,1998,Técnico Superior II,
1217067328251304,Universidade Regional do Noroeste do Estado do Rio Grande do Sul,1999,2004,Técnico Superior III,
1217067328251304,Universidade Regional do Noroeste do Estado do Rio Grande do Sul,2004,2008,Técnico Superior III,
1217067328251304,Universidade Regional do Noroeste do Estado do Rio Grande do Sul,2009,2009,Professor Assistente 36 Horas,
1217067328251304,Universidade Regional do Noroeste do Estado do Rio Grande do Sul,2009,2010,Professor Assistente 40 Horas,
1217067328251304,Cooperativa Regional Triticola Serrana Ltda,1986,1990,Tecnico Medio,
1217067328251304,Sociedade Brasileira de Computação - Porto Alegre,2009,,Representante Instituicional,
1217067328251304,Universidade Federal do Pampa,2010,,"Professor Assistente, Nível 01",
6055243052118565,Universidade Regional Integrada do Alto Uruguai e das Missões,2000,,PROFESSORA TEMPO INTEGRAL,
6055243052118565,Universidade de Caxias do Sul,2000,2001,PROFESSORA CONVIDADA,
6055243052118565,Universidade Luterana do Brasil,1999,2000,PROFESSORA HORISTA,
6055243052118565,Universidade Federal do Rio Grande do Sul,1996,1999,Bolsista,
6055243052118565,URI (Bolsa de Extensão),2006,2009,,
6055243052118565,PIIC-URI,2012,2012,,
6055243052118565,URI (Bolsa de Extensão),2006,2012,,
6055243052118565,PIIC-URI,2013,2018,,
6055243052118565,Revista de Sistemas de Informação da FSMA,2014,2014,,
6055243052118565,Revista Eletrônica Argentina-Brasil de TICs,2013,2017,,
6055243052118565,Conselho Nacional de Desenvolvimento Científico e Tecnológico,2011,2011,Extensão no Pais - EXP - Nível: C,
6055243052118565,VIVÊNCIAS (URI. ERECHIM),2019,,,
6055243052118565,Ministério da Educação,2019,,Membro do Banco de Avaliadores do SINAES,
4784229564517752,PROGENESE TECNOLOGIA LTDA,2008,2010,PROGRAMADOR,
4784229564517752,PROGENESE TECNOLOGIA LTDA,2007,2008,PROGRAMADOR,
4784229564517752,IONICS SERVICES LTDA,2010,2010,ANALISTA PROGRAMADOR,
4784229564517752,SESC - Agência Regional de Santa Catarina,2011,2015,ANALISTA DE TI III,
4784229564517752,Universidade Federal de Santa Catarina,2015,,Analista de Tecnologia da Informação,
6307233387359689,Universidade Católica de Pelotas,2000,2002,Estagiário,
6307233387359689,Universidade Católica de Pelotas,2002,2003,Voluntário,
6307233387359689,Universidade Católica de Pelotas,2004,2005,Iniciação Científica,
6307233387359689,Companhia Estadual de Geração e Transmissão de Energia Elétrica - Matriz,2003,2003,Estagiário,
6307233387359689,Instituto Nacional do Seguro Social No Rio Grande do Sul,2003,2004,Estagiário,
6307233387359689,Procomp Industria Eletrônica,1999,2000,Técnico Eletrônico,
6307233387359689,Universidade do Vale do Rio dos Sinos,2006,2008,Mestrando,
6307233387359689,Instituto de Informática,2006,2007,Professor horista,
6307233387359689,Godigital Tecnologia e Participações,2008,2011,Pesquisador e Desenvolvedor,
6307233387359689,Invenio Software Inteligente Limitada,2011,,Bolsista,
9967502924584070,Prevedello Sistemas,2007,2012,Analista de Sistemas,
9967502924584070,Universidade Federal de Santa Maria,2012,2014,Analista de Tecnologia da Informação,
9967502924584070,Instituto Federal Farroupilha,2015,,Técnico Adminstrativo em Edutação,
9967502924584070,Universidade de Passo Fundo,2016,2017,Aluno,
3324661566974662,Prefeitura Municipal de Caxias do Sul,2014,,Analista de Sistemas,
1883007948533852,Universidade do Vale do Rio dos Sinos,2003,2006,Outro (Bolsista de Iniciação Científica),
1883007948533852,Universidade do Vale do Rio dos Sinos,2006,2007,Bolsista de Iniciação Científica,
1883007948533852,T Engenheiros Associados,2007,2008,Engenheiro de Software,
1883007948533852,Godigital Tecnologia e Participações,2008,2009,Pesquisador e Desenvolvedor de Software,
9971763298787060,SAMABSD LTDA ME,2011,2012,Estágio,
9971763298787060,Centro de Informática e Automação do Estado de Santa Catarina,2013,2014,Pesquisador e Desenvolvedor,
9971763298787060,Universidade Federal de Santa Catarina,2012,2013,Estagiário de Iniciação Científica,
9971763298787060,Universidade Federal de Santa Catarina,2014,2016,Bolsista de pós-graduação (CAPES),
9971763298787060,Universidade Federal de Santa Catarina,2016,2016,Pesquisador (CNPq),
9971763298787060,Universidade Federal de Santa Catarina,2016,,Bolsista de pós-graduação (CAPES),
9971763298787060,National Research Council of Italy,2015,2015,Pesquisador SEEK visitante,
2076376263541770,IBM do Brasil Indústria Máquinas e Serviços Ltda,2006,,Engenheiro de Software Staff,
2076376263541770,Universidade Estadual de Campinas,2000,2000,Iniciação Científica,
2076376263541770,Centro de Tecnologia da Informação Renato Archer,2001,2003,Bolsista de Iniciação Científica,
2076376263541770,Dextra Soluções em Informática S/C Ltda.,2003,2003,Desenvolvedor,
2076376263541770,Compera Tecnologia,2003,2006,Gerente de Produto,
8382486031831849,Agência Executiva de Gestão das Águas do Estado da PB,2016,,Gerente de Tecnologia da Informação,
8382486031831849,Atend Tecnologia,2013,2015,Técnico de Suporte,
8382486031831849,Centro Universitário de João Pessoa,2012,2012,Monitoria em Redes de Computadores I e II,
8382486031831849,Centro Universitário de João Pessoa,2012,2012,Monitoria em Banco de Dados I e II,
2509917962288493,Universidade Federal do Rio Grande do Sul,2010,2011,BOLSISTA DE DESENVOLVIMENTO WEB,
2509917962288493,Universidade Federal do Rio Grande do Sul,2011,2012,BOLSISTA DE DESENVOLVIMENTO WEB,
2509917962288493,INSTITUTO FEDERAL CATARINENSE,2014,2017,BOLSISTA DE PESQUISA,
2509917962288493,INSTITUTO FEDERAL CATARINENSE,2017,,Professor de Ensino Básico,
8444590180210291,Centro Universitário Franciscano,2003,2005,Monitoria e Tutoria,
729503635411770,Universidade Regional do Noroeste do Estado do Rio Grande do Sul,2015,2016,Bolsista,
729503635411770,Universidade Regional do Noroeste do Estado do Rio Grande do Sul,2015,2015,Voluntário,
729503635411770,Universidade Regional do Noroeste do Estado do Rio Grande do Sul,2016,2016,Estagiário,
729503635411770,Universidade Regional do Noroeste do Estado do Rio Grande do Sul,2017,2017,Bolsista,
729503635411770,Escola Técnica Estadual 25 de Julho,2014,2016,Aluno,
729503635411770,Universidade Federal de Santa Maria,2017,,Aluno,
257722045660099,Software House,2004,2007,Programador / DBA,
257722045660099,Prefeitura Municipal de Curitiba,2006,2006,Professor,
257722045660099,Faculdades Integradas do Brasil,2008,2010,Colaborador,
257722045660099,Colégio Estadual do Paraná,2007,2007,Professor,
257722045660099,Aymará - Edições e Tecnologia,2010,2011,Colaborador,
3914159735707328,Ensaios e Ciência (Campo Grande),1999,2000,,
3914159735707328,Revista Calidoscópio (1679-8740),2008,,,
3914159735707328,UNIVERSITÀ TELEMATICA GUGLIELMO MARCONI,2009,2011,Pesquisador,
3914159735707328,Universidade do Vale do Rio dos Sinos,1995,,Professor Adjunto,
3914159735707328,GVDasa Informática,2011,2014,Consultor de Inovação,
3914159735707328,(FACEPE) Fundação de Amparo à Ciência e Tecnologia do Estado de Pernambuco,2012,,,
3914159735707328,"Revista Competência, revista da Educação Superior do Senac-RS",2012,,,
3914159735707328,"Secretaria de Ciência, Inovação e Desenvolvimento Tecnológico",2013,,,
3914159735707328,Universidad de Zaragoza,2014,2014,Pesquisador Visitante,
3914159735707328,Instituto Nacional de Estudos e Pesquisas Educacionais Anísio Teixeira INEP,2014,2016,,
3914159735707328,Instituto Nacional de Estudos e Pesquisas Educacionais Anísio Teixeira INEP,2016,2018,,
3914159735707328,Consórcio de Universidades Comunitárias Gaúchas,2013,,,
3914159735707328,Journal of Applied Computing Research,2014,,,
3914159735707328,CIA DE PROCESSAMENTO DE DADOS DO ESTADO DO RIO GRANDE DO SUL,1994,1994,CONSULTOR,
3914159735707328,J u m p M e d ia,2014,2016,Consultor,
3914159735707328,Revista Brasileira de Informática na Educação,2015,,,
3914159735707328,Revista Liberato (Novo Hamburgo),2015,,,
3914159735707328,Conselho Nacional de Desenvolvimento Científico e Tecnológico,2014,2014,,
3914159735707328,Conselho Nacional de Desenvolvimento Científico e Tecnológico,2015,2015,,
3914159735707328,Dream Trip Serviços Inovativos de Informação,2014,2016,Consultor de Inovação,
3914159735707328,Fundação de Amparo à Pesquisa do Estado do Rio Grande do Sul,2015,,,
3914159735707328,Fundação de Amparo à Pesquisa do Estado do Rio Grande do Sul,2015,2017,,
3914159735707328,International Journal of Information Technology and Web Engineering -IJITWE,2016,,,
3914159735707328,Mobile Information Systems,2016,,,
3914159735707328,Computers &amp, Education,2017,,
3914159735707328,Frontiers in Artificial Intelligence - AI for Human Learning and Behavior C,2018,,,
3914159735707328,Frontiers in Artificial Intelligence,2018,,,
6985089035450046,Substractum Tecnologia,2012,2013,Desenvolvedora Java Web,
6985089035450046,Confederação das Cooperativas Centrais de Crédito,2011,2012,Desenvolvedora Java Web,
6985089035450046,Nec Plus Ultra Gestão &amp, Tecnologia,2009,2011,Testadora de software
8317821729275486,Universidade Federal de Pelotas,2001,2001,Bolsista de Apoio Institucional,
8317821729275486,Universidade Federal do Rio Grande do Sul,2003,2004,Bolsista DTI,
3582491735279272,YOUSE TECHNOLOGIES,2008,,Diretor de Tecnologia,
799768609702295,Universidade Federal do Rio Grande,2009,2010,Bolsista,
799768609702295,Universidade Federal do Rio Grande,2010,2012,Estagiária,
799768609702295,Universidade Federal do Rio Grande,2012,2012,Estagiária,
799768609702295,Universidade Federal do Rio Grande,2009,2010,Bolsista,
799768609702295,Universidade Federal do Rio Grande,2014,,Analista de Tecnologia da Informação,
799768609702295,Revista Jr de Iniciação Científica em Ciências Exatas e Engenharia - ICCEEg,2013,,,
799768609702295,"Instituto Federal de Educação, Ciência e Tecnologia do Rio Grande do Sul",2017,,Analista de TI,
4949286508602153,Universidade Federal de Santa Maria,2009,2009,Bolsista,
4949286508602153,Universidade Federal de Santa Maria,2011,,Monitor,
4309165322070547,WT Prime,2011,2012,Desenvolvedor Web,
4309165322070547,Migrate Company,2012,2017,Analista de Sistemas e Desenvolvedor,
4309165322070547,Sociedade Educacional Três de Maio,2014,2015,Professor de PHP,
4309165322070547,Sociedade Educacional Três de Maio,2017,,Estudante/Pesquisador,
4309165322070547,Sistemas de Rastreamento Infratrack,2012,2014,Desenvolvedor e Suporte,
4309165322070547,Tribunal Regional do Trabalho da 4ª Região (RS),2017,,Técnico Judiciário - Tecnologia da Informação,
4986021622366786,Apply Solutions,2000,2004,-,
4986021622366786,Faculdade Salesiana do Nordeste,2001,2004,Professor Horista,
4986021622366786,Ensino Superior de Olinda,2003,2008,Professor de Pós-Graduação,
4986021622366786,FADE,2004,2007,Engenheiro de Desempenho,
4986021622366786,Instituto Federal de Pernambuco,2004,2006,Professor Substituto,
4986021622366786,Universidade Federal de Pernambuco,2008,2009,Bolsista (FACEPE),
4986021622366786,Centro universitário Maurício de Nassau - Recife,2005,2005,Professor,
4986021622366786,Universidade Federal de Campina Grande,1997,1998,Bolsista de IC,
4986021622366786,Universidade Federal de Campina Grande,1997,1997,Estagiário,
4986021622366786,Universidade Federal de Campina Grande,2009,2011,Professor Adjunto I,
4986021622366786,Universidade Federal de Campina Grande,2011,2013,Professor Adjunto II,
4986021622366786,Universidade Federal de Campina Grande,2013,2015,Professor Adjunto III,
4986021622366786,Universidade Federal de Campina Grande,2015,2017,Professor Adjunto IV,
4986021622366786,Universidade Federal de Campina Grande,2017,,Professor Associado I,
4986021622366786,Revista Brasileira de Computação Aplicada,2013,,,
4986021622366786,Principia (João Pessoa),2016,,,
4986021622366786,Journal of Information and Data Management - JIDM,2014,,,
4986021622366786,APPLIED INTELLIGENCE (DORDRECHT. ONLINE),2016,,,
4986021622366786,INFORMATION SYSTEMS,2019,,,
4986021622366786,SISTEMAS DE INFORMAÇÃO (MACAÉ),2019,,,
4986021622366786,ACM Transactions on Knowledge Discovery from Data,2020,,,
7445302660507386,Fundação Universidade Regional de Blumenau,2006,2011,Auxiliar em assuntos de informatica,
513694670507977,Vama Industrial Ltda,2005,2009,Analista de Suporte,
513694670507977,Sociedade Educacional de Santa Catarina,2008,2008,Temporário,
513694670507977,Escola de Educação Básica Prof. Rudolfo Meyer,2002,2002,Laboratorista,
513694670507977,Universidade Federal do Paraná,2009,2011,Pesquisadora,
513694670507977,Universidade Federal do Paraná,2011,2013,Analista de Sistemas,
513694670507977,Universidade Federal do Paraná,2013,2016,Pesquisadora,
513694670507977,Journal of Computer Networks and Communications,2014,,,
513694670507977,Instituto Federal de Santa Catarina,2015,2015,Professor substituto,
513694670507977,Journal of Network and Computer Applications,2016,,,
513694670507977,Universidade do Estado de Santa Catarina,2017,,Analista de suporte,
513694670507977,Universidade do Estado de Santa Catarina,2018,2018,Tutor a distância,
513694670507977,Universidade do Estado de Santa Catarina,2019,2019,Tutor a distância,
513694670507977,Universidade do Estado de Santa Catarina,2019,,Coordenadora de Informática,
6258016409321537,Universidade Federal do Rio Grande do Sul,2001,,bolsista CNPq,
4559510462924787,Universidade Federal de Santa Maria,2015,,Iniciação Científica,
4559510462924787,Animati - Computação Aplicada a Saúde,2017,,Analista de Sistemas,
4559510462924787,Nekto - Tecnologia em Gestão e Pessoas,2017,,Analista de Sistemas,
456516366590574,Escola Monteiro Lobato,2005,2006,Professor,
456516366590574,Universidade Federal do Rio Grande do Sul,2008,2009,Professor Substituto,
456516366590574,Universidade Federal do Rio Grande do Sul,2011,2011,Professor Substituto,
456516366590574,Universidade Federal do Rio Grande do Sul,2012,,Professor Adjunto,
456516366590574,Faculdade de Tecnologia Pastor Dohms,2011,2012,Professor Adjunto,
456516366590574,Revista de Informática Teórica e Aplicada: RITA,2012,,,
456516366590574,Universidade Federal do Pampa,2012,2012,Professor,
2383727409843499,Instituto Federal Catarinense,2010,2011,Desenvolvedor,
2383727409843499,Instituto Federal Catarinense Campus Camboriú,2013,,Técnico em Tecnologia da Informação,
7243777210978499,Accenture,2012,2013,Programmer,
7243777210978499,Centro de Estudos e Sistemas Avançados do Recife,2013,2015,Engenheiro de Testes,
7243777210978499,The University of Western Ontario,2016,2016,Teaching Assistant,
7243777210978499,IEEE Access,2018,2018,,
7243777210978499,JOURNAL OF SYSTEMS AND SOFTWARE,2019,2019,,
7243777210978499,Journal of King Saud University - Computer and Information Sciences,2019,2019,,
2747683951158303,Datasul,2000,2002,Programador,
7147263133111763,Refinaria de Petróleo Ipiranga Isatec Informática,1998,1999,estagiário,
7147263133111763,Lindenmeyer Advogados e Associados,2005,2005,estagiário,
7147263133111763,Fundação Universidade Federal do Rio Grande,2000,2004,estagiário,
7147263133111763,Pontifícia Universidade Católica do Rio Grande do Sul,2006,,Bolsista,
7147263133111763,Hewlett Packard Brasil Ltda (RS),2006,,Bolsista,
8794788615369610,IC1 Soluções Computacionais,2011,2013,Desenvolvedor Web,
8794788615369610,Universidade Regional do Noroeste do Estado do Rio Grande do Sul,2013,2014,Pesquisador,
8794788615369610,Livid,2014,2015,Engenheiro de Software,
8794788615369610,Universidade Federal de Santa Maria,2015,,Pesquisador,
8147562322985688,Instituto Federal Farroupilha Campus Alegrete,2015,2016,Estágiario,
8147562322985688,Instituto Federal Farroupilha Campus Alegrete,2016,,Estágiario,
2739575934175425,Centro de Pesquisa e Desenvolvimento CPqD/Telebrás,2003,2003,Estagiário de Nível Médio,
2739575934175425,Centro de Pesquisa e Desenvolvimento CPqD/Telebrás,2004,2010,Técnico Programador,
2739575934175425,Centro de Pesquisa e Desenvolvimento CPqD/Telebrás,2010,,Analista de Sistemas,
6905169880963398,Universidade do Estado de Santa Catarina,2004,,,
6905169880963398,Instituto Superior de Tecnologia,2004,2004,professor colaborador,
7856783089604214,Universidade Estadual de Maringá,2004,2006,professor colaborador,
7856783089604214,Universidade Estadual de Maringá,2006,,Professor não-titular,
5385453596666328,Instituto Federal de Santa Catarina,2013,2014,Técnico em análise de T.I,
5385453596666328,Instituto Federal Catarinense,2011,2012,,
2339717419262914,Bruning Tecnometal,1999,,Analista de Sistemas,
2339717419262914,Bruning Tecnometal,2013,,Supervisor TI Manutenção,
2339717419262914,Bruning Tecnometal,2015,,Supervisor de TI,
2339717419262914,CIPEX Idiomas,2001,,Instrutor,
2339717419262914,Colégio Evangélico Panambi,2012,,Professor,
6111211934633593,Empresa de Pesquisa Agropecuária e Extensão Rural de Santa Catarina,1986,,Nivel Superior,
6111211934633593,Secretaria de Estado da Administração,2015,2017,Gerente de Projetos,
6111211934633593,Secretaria de Estado da Administração,2017,2019,Gerente de Tecnologia da Informação,
3954245456830372,Softplan Planejamento e Sistemas,2009,,Analista e implementadora de sistemas,
3954245456830372,Universidade Federal de Santa Catarina,2008,2008,Bolsista,
718830701479001,VIAVALE Internet,2001,2001,Desenvolvedor Web,
718830701479001,Universidade Federal do Rio Grande do Sul,2002,2003,Desenvolvedor,
718830701479001,Universidade Federal do Rio Grande do Sul,2005,2005,Pesquisador,
718830701479001,Universidade Federal do Rio Grande do Sul,2003,2005,Pesquisador,
718830701479001,Universidade Federal do Rio Grande do Sul,2005,2007,Pesquisador,
718830701479001,Centro Educacional O Professor,2001,2002,Desenvolvedor,
718830701479001,Nacional Supermercados S/A,1998,1999,Auxiliar Técnico,
718830701479001,Universitat Politècnica de Catalunya,2000,2000,Desenvolvedor,
718830701479001,University of Utah,2008,2008,Pesquisador,
718830701479001,Universidade de Santa Cruz do Sul,2005,2009,Professor,
718830701479001,Universidade de Santa Cruz do Sul,1999,1999,Bolsista IC,
718830701479001,Banco do Estado do Rio Grande do Sul S.A,2009,2011,Analista de Sistemas,
718830701479001,Universidade Federal do Pampa,2011,2013,Professor Adjunto,
718830701479001,Revista de Informática Teórica e Aplicada: RITA,2012,,,
718830701479001,Mergen ,2004,2010,Pesquisador,
718830701479001,Universidade Federal de Santa Maria,2014,,Professor Adjunto,
2760542630405330,Universidade Tecnológica Federal do Paraná,2011,2011,Bolsista PIBIC-CNPq,
4371561887763653,Universidade Federal da Fronteira Sul,2015,2017,Professor Substituto,
4371561887763653,Universidade do Oeste de Santa Catarina,2017,,Professor Parcial,
4371561887763653,Universidade Comunitária da Região de Chapecó,2019,2019,Tutoria de Cursos EAD,
2207119794535102,Faculdade de Tecnologia Senac-RS,2007,2009,Professor Adjunto,
2207119794535102,1º Centro de Telemática de Área,2001,,Analista de Suporte,
6405951782839858,Companhia Aços Especiais Itabira,1991,1992,estagiário,
6405951782839858,Empresa Brasileira de Pesquisa Agropecuária,1994,2006,Pesquisador,
6405951782839858,Pontifícia Universidade Católica de Campinas,1997,1999,Professor convidado,
6405951782839858,Universidade Metodista de Piracicaba,1999,1999,Professor convidado,
6405951782839858,Universidade Estadual de Campinas,2001,2001,Instrutor no Plano de Estágio Docente (PED),
6405951782839858,Universidade Estadual de Campinas,2004,2005,Consultor de nível superior,
6405951782839858,Thiara Distribuidora,1989,1991,Analista / Programador,
6405951782839858,Fundação Centro Tecnológico para Informática,1994,1994,,
6405951782839858,Faculdades Network,2004,2005,Horista,
6405951782839858,Instituto Brasileiro de Tecnologia Avançada,2004,2006,,
6405951782839858,Universidade Federal de Santa Catarina,2006,,Professor adjunto,
6405951782839858,RESI. Revista Eletrônica de Sistemas de Informação,2007,2007,,
6405951782839858,Encontros Bibli (UFSC),2006,,,
6405951782839858,Cadernos de Ciência e Tecnologia (EMBRAPA),1996,2005,,
6405951782839858,Empresa de Pesquisa Agropecuária e Extensão Rural de Santa Catarina,2007,2008,consultor,
6405951782839858,REIC. Revista Eletrônica de Iniciação Científica (Online),2010,,,
6405951782839858,Journal of Universal Computer Science (Print),2010,2010,,
6405951782839858,Fundação de Amparo à Ciência e Tecnologia do Estado de Pernambuco,2012,2012,,
6405951782839858,Fundação de Amparo à Pesquisa do Estado de São Paulo,2008,,,
6405951782839858,Fundação de Amparo à Pesquisa e Inovação do Estado de Santa Catarina,2006,,,
6405951782839858,Consiglio Nazionale delle Ricerche,2012,2012,"ISTI/CNR, Pisa, Italy",
6405951782839858,University of Pireaus Research Center,2013,2013,"Information Management Lab, Piraeus, Greece",
6405951782839858,Università Ca' Foscari Venezia,2014,2015,"Campus scientifico via Torino, Venice, Italy",
6405951782839858,Georgia Institute of Technology,2002,2002,"College of Computing, Atlanta, USA",
6405951782839858,Journal of Information and Data Management - JIDM,2015,,,
6405951782839858,Revista Brasileira de Computação Aplicada,2013,,,
6405951782839858,Lecture Notes in Computer Science,2001,,,
6405951782839858,Journal of the Brazilian Computer Society (Impresso),2002,,,
6405951782839858,GIScience and Remote Sensing,2004,,,
6405951782839858,RESI : Revista Eletrônica de Sistemas de Informação,2007,,,
6405951782839858,Revista Eletrônica de Iniciação Científica,2010,,,
6405951782839858,Information Systems Journal,2015,,,
6405951782839858,IEEE Multimedia,2015,,,
6405951782839858,Encontros Bibli,2007,2012,,
6405951782839858,Universität Leipzig,2017,2017,Estágio sênior financiado pela CAPES,
8287139445606249,Petróleo Brasileiro - Rio de Janeiro - Matriz,2018,,Analista de Sistemas,
8287139445606249,Centro Federal de Educação Tecnológica Celso Suckow da Fonseca,2014,2018,Técnico de Tecnologia da Informação,
1419227384882133,Neoway Business Solutions,2010,,Administrador de Bancos de Dados,
1419227384882133,Softplan Planejamento e Sistemas,2008,2010,Analista de Sistemas,
1419227384882133,Cellmidia,2005,2008,Administrador de Bancos de Dados,
1419227384882133,Banco de Dados,2003,2005,Analista de Dados,
4027952448873096,Desbravador Automação Hoteleira,2007,2007,Estagiario,
4027952448873096,Universidade Comunitária da Região de Chapecó,2008,2009,estagiário,
4027952448873096,Universidade Comunitária da Região de Chapecó,2010,2010,Programador de Sistemas II,
1825726627470153,Universidade Tecnológica Federal do Paraná,2016,2017,Iniciação Científica,
1825726627470153,Universidade Tecnológica Federal do Paraná,2018,2018,Iniciação Científica,
5075736089100544,Universidade Salvador,2001,2004,Pesquisador/Professor Horista,
5075736089100544,Universidade Salvador,2009,2010,,
5075736089100544,Faculdade Integrada da Bahia,2004,2004,Professor Assistente,
5075736089100544,Universidade Federal de São Carlos,2004,2006,Pesquisador,
5075736089100544,Universidade de São Paulo,2007,2007,Voluntário,
5075736089100544,Universidade de São Paulo,2008,2008,Bolsista,
5075736089100544,Universidade de São Paulo,2009,2009,Pesquisador,
5075736089100544,Universidade Federal da Bahia,2010,,Associado I,
5075736089100544,Sociedade Brasileira de Computação - Porto Alegre,2013,2015,Membro de comissão,
5075736089100544,JOURNAL OF NETWORK AND COMPUTER APPLICATIONS,2018,,,
