ID,,INSTITUICAO/EMPRESA,INÍCIO,FIM,FUNCAO
28,, G. Sistemas &amp,2014,,
119,, Knowledge Engineering,2007,2007,
202,, P Informática,2009,2010,Programador ASP
89,,(FACEPE) Fundação de Amparo à Ciência e Tecnologia do Estado de Pernambuco,2012,,
5,,1º Centro de Telemática de Área,2001,,Analista de Suporte
91,,1ºCentro de Telamática de Área,2007,2011,Oficial da Área de Informática
428,,2º Batalhão de Caçadores,1982,1983,Aluno do NPOR
428,,37º Batalhão de Infantaria Motorizado,1984,1990,Oficial do Exército
76,,ABDEM Colégio Santa Margarida,1994,2006,Professor de 2º Grau
169,,Accenture,2012,2013,Programmer
50,,ACM COMPUTING SURVEYS,2020,,
123,,ACM Computing Surveys,2016,2016,
43,,ACM Transactions on Knowledge Discovery from Data,2020,,
107,,"ACM Transactions on Multimedia Computing, Communications, and Applications",2020,,
373,,Adept Desenvolvimento e Comercialização de Softwares,2006,2010,Programador
27,,ADP Brasil LTDA,2005,,Analista de Sistemas Senior
206,,Agência Executiva de Gestão das Águas do Estado da PB,2016,,Gerente de Tecnologia da Informação
321,,Agência Nacional de Vigilância Sanitária,2003,2003,participante do GT de resíduos de medicamento
394,,Agromanager Sistemas,2019,,Programador Júnior
7,,Agrosoft,2001,2001,CIEE
129,,Alexandre Tagliari Lazzaretti e Cia Ltda,2000,2008,Analista/Programador
7,,All Print Produções Gráficas,1998,1999,Estágio  CIEE
188,,ALTA Capital - Investimentos estratégicos,2018,,Desenvolvedor de Software
321,,Ambiativa Consultoria Ambiental Ltda,2014,2015,Consultor Técnico
20,,Anais da Mostra Integrada de Iniciação Científica,2015,,
312,,Animati - Computação Aplicada a Saúde,2017,,Analista de Sistemas
376,,Applied Computing and Informatics,2014,2014,
43,,APPLIED INTELLIGENCE (DORDRECHT. ONLINE),2016,,
43,,Apply Solutions,2000,2004,-
139,,Ass. Bras. de Pesquisadores de Comunicação Org. e de Relações Públicas,2016,2018,Temporário
139,,Ass. Bras. de Pesquisadores de Comunicação Org. e de Relações Públicas,2018,,Temporário
76,,ASSOC PROPR IMOVEIS DE PELOTAS,1997,2001,PROGRAMADOR E ANALISTA
369,,Associacão Brasileira de Criadores de Ovinos,2007,2010,Auxiliar Administrativo
321,,Associação Brasileira de Engenharia Sanitária e Ambiental,2000,,Sócio
321,,Associação Brasileira de Engenharia Sanitária e Ambiental,2009,2011,Membro do Conselho Fiscal
321,,Associação Brasileira de Engenharia Sanitária e Ambiental,2011,2015,Membro da Diretoria - Conselho Fiscal
321,,Associação Brasileira de Engenharia Sanitária e Ambiental,2013,2015,Membro do Conselho Consultivo
321,,Associação Brasileira de Engenharia Sanitária e Ambiental,2015,2017,Presidente da subseção Serra (Abes - RS)
321,,Associação Brasileira de Engenharia Sanitária e Ambiental,2016,,Membro da Câmara Temática de Resíduos Sólidos
321,,Associação Brasileira de Engenharia Sanitária e Ambiental,2016,,Representante da ABES junto a DIRSA/AIDIS
321,,Associação Brasileira de Engenharia Sanitária e Ambiental,2016,2017,Representante junto ao Comitê Taquari-Antas
258,,Associação Brasileira de Normas Técnicas - Sede,2019,,Membro de Comissão
321,,Associação Caxiense de Proteção Ao Ambiente Natural,1986,1986,Sócio Fundador
321,,Associação Caxiense de Proteção Ao Ambiente Natural,1986,1988,Segundo secretário
321,,Associación Interamericana de Ingenieria Sanitaria y Ambiental,2016,,Membro da División de Resíduos-DIRSA
206,,Atend Tecnologia,2013,2015,Técnico de Suporte
118,,Atua Sistemas de Informação,2006,2007,Estagiário no Desenvolvimento de Sistemas
118,,Atua Sistemas de Informação,2007,2009,Desenvolvedor de Sistemas
189,,Audaces Automação e Informática Industrial,2010,2011,Estagiário em Programação
129,,Autônomo,1996,2000,Autônomo
291,,Ávato,2018,,Programadora
244,,Avior Soluções em Logística e Monitoramento LTDA,2012,2013,Programador
211,,AVIS Consultorias e Treinamento,2010,2011,Bolsista
266,,AVMB Consultoria e Assessoria,2016,,Analista de Sistema
266,,AVMB Consultoria e Assessoria,2016,2016,Programador Java Júnior
435,,Aymará - Edições e Tecnologia,2010,2011,Colaborador
258,,Ayuntamiento de Torremolinos,2000,2000,Estágio
114,,Banco de Dados,2003,2005,Analista de Dados
54,,Banco do Brasil S A,1986,1990,Estagiário de Serviços Gerais
19,,Banco do Estado do Rio Grande do Sul S.A,2009,2011,Analista de Sistemas
198,,Banco do Estado do Rio Grande do Sul S.A.,2013,,Analista
292,,BANCO ITAÚ HOLDING FINANCEIRA SA,2002,2002,Analista de Suporte
213,,BDInfo LTDA,2010,2011,Programador SQL
82,,Betha Sistemas,1998,1998,Bolsista
377,,Bitavel,2001,2003,Analista/Desenvolvedor Web
376,,BMC Bioinformatics,2014,,
28,,Brazilian Journal of Science and Technology,2013,2016,
394,,BRF - Brasil Foods,2015,2016,Assistente de Suporte
394,,BRF - Brasil Foods,2016,2018,Assistente Administrativo
55,,Bruning Tecnometal,1999,,Analista de Sistemas
55,,Bruning Tecnometal,2013,,Supervisor TI Manutenção
55,,Bruning Tecnometal,2015,,Supervisor de TI
29,,BULL S.A.S.,2006,2006,Pesquisa e Desenvolvimento
244,,BVM Máquinas de Venda Automatica,2009,2010,Estagiário
83,,Cadernos de Ciência e Tecnologia (EMBRAPA),1996,2005,
231,,Caixa Econômica Federal,2007,2007,Estagiário
377,,Câmara de Dirigentes Lojistas (ES),2000,2001,Analista/Desenvolvedor Web
321,,Campanha Nacional de Escolas da Comunidade Setor Local da Cnec Nova Petrópo,1989,1990,
114,,Cellmidia,2005,2008,Administrador de Bancos de Dados
213,,Cellmidia Comunicação Precisa,2008,2010,Administrador de Banco de Dados
225,,Centre de Recherche INRIA Grenoble - Rhône-Alpes,2014,2015,Pesquisador
155,,Centro de Capacitação em Automação industrial da UFBA,2008,2009,Iniciação Científica
85,,Centro de Educação Profissional,2007,2008,Professor
309,79,Centro de Estudos e Sistemas Avançados do Recife,2018,,
169,79,Centro de Estudos e Sistemas Avançados do Recife,2013,2015,Engenheiro de Testes
82,80,Centro de Informática e Automação do Estado de Santa Catarina,2002,2003,Analista de Informática
189,80,Centro de Informática e Automação do Estado de Santa Catarina,2018,,Analista de Sistemas
242,80,Centro de Informática e Automação do Estado de Santa Catarina,2013,2014,Pesquisador e Desenvolvedor
417,81,Centro de Informática e Telecomunicações da Polícia Militar do Pará,2006,2008,Estagiário de Desenvolvimento de Softwares
219,82,Centro de Pesquisa e Desenvolvimento CPqD/Telebrás,2003,2003,Estagiário de Nível Médio
219,82,Centro de Pesquisa e Desenvolvimento CPqD/Telebrás,2004,2010,Técnico Programador
219,82,Centro de Pesquisa e Desenvolvimento CPqD/Telebrás,2010,,Analista de Sistemas
376,83,Centro de Pesquisa e Desenvolvimento Leopoldo Américo Miguêz de Mello,2003,2004,Bolsista de Pesquisa
58,84,Centro de Tecnologia da Informação Renato Archer,2001,2003,Bolsista de Iniciação Científica
19,85,Centro Educacional O Professor,2001,2002,Desenvolvedor
292,3,Centro Estadual de Educação Tecnológica Paula Souza,2010,2012,Professor Assistente
292,3,Centro Estadual de Educação Tecnológica Paula Souza,2013,,Professor Associado
292,3,Centro Estadual de Educação Tecnológica Paula Souza,2018,,Coordenador de curso
376,4,Centro Federal de Educação Tecnológica Celso Suckow da Fonseca,2011,2013,Professor Temporário
252,4,Centro Federal de Educação Tecnológica Celso Suckow da Fonseca,2014,2018,Técnico de Tecnologia da Informação
28,87,Centro Federal de Educação Tecnológica de São Vicente do Sul,2006,2008,Professor de I e II Graus
338,88,Centro Gestor e Operacional do Sistema de Proteção da Amazônia (RO),2018,2018,Estagiário de Informática
129,89,Centro Nacional de Pesquisa de Trigo - CNPT,2012,,
373,90,Centro Universitário Barriga Verde,2018,2018,Professor
20,91,Centro Universitário Cenecista de Osório,2017,,Coordenadora de curso de graduação
20,91,Centro Universitário Cenecista de Osório,2017,,Professor Adjunto Nível III - EAD
20,91,Centro Universitário Cenecista de Osório,2018,,Professor Adjunto Nível III
206,5,Centro Universitário de João Pessoa,2012,2012,Monitoria em Redes de Computadores I e II
206,5,Centro Universitário de João Pessoa,2012,2012,Monitoria em Banco de Dados I e II
66,6,Centro Universitário do Estado do Pará,2011,,Professor Horista
424,94,Centro Universitário do Norte Paulista,2012,,Professor
28,8,Centro Universitário Franciscano,2003,2006,Professor
28,8,Centro Universitário Franciscano,2010,2011,Professor Adjunto
48,8,Centro Universitário Franciscano,2003,2005,Monitoria e Tutoria
211,96,Centro Universitário Internacional,2009,2009,Professor Assistente
274,9,Centro Universitário Luterano de Ji-Paraná,2012,2015,Presidente do C.A. de Sstemas de Informação
123,98,Centro Universitário Luterano de Palmas - Universidade Luterana do Brasil,2001,2004,
43,99,Centro universitário Maurício de Nassau - Recife,2005,2005,Professor
376,100,Centro Universitário Plínio Leite,2011,2011,Professor Assistente
384,101,Centro Universitário Tocantinense Presidente Antônio Carlos,2002,2016,Professor de Ensino Superior
91,102,Centro Universitário Uninorte,2016,2018,Docente de Ensino Superior
89,,CIA DE PROCESSAMENTO DE DADOS DO ESTADO DO RIO GRANDE DO SUL,1994,1994,CONSULTOR
55,,CIPEX Idiomas,2001,,Instrutor
292,,CLARO TELECOM,2005,2008,Analista Sistemas
66,,Cobra Tecnologia,2010,2013,Analista de Operações - Sistemas
435,103,Colégio Estadual do Paraná,2007,2007,Professor
55,104,Colégio Evangélico Panambi,2012,,Professor
130,105,Colégio João Batista Rotta,2003,2004,Professor Curso Ténico em Informática
326,106,Colégio Politécnico da UFSM,2013,2014,Bolsa Monitoria
321,,Comitê de Gerenciamento da Bacia Hidrográfica do Rio Taquari Antas,1999,2010,Membro da comissão de Educação Ambiental
321,,Comitê de Gerenciamento da Bacia Hidrográfica do Rio Taquari Antas,2002,2002,Representante dos Comitês de Bacias Hidrográf
321,,Comitê de Gerenciamento da Bacia Hidrográfica do Rio Taquari Antas,2003,2014,Categoria população - Instituições de Ensino
321,,Comitê de Gerenciamento da Bacia Hidrográfica do Rio Taquari Antas,2017,,Titular da Categoria IES
135,,Communications and Innovations Gazette,2016,2017,
83,,Companhia Aços Especiais Itabira,1991,1992,estagiário
27,,Companhia de Processamento de Dados da Prefeitura Municipal de Porto Alegre,2001,2002,Programador
27,,Companhia de Processamento de Dados da Prefeitura Municipal de Porto Alegre,2000,2000,Programador
259,,Companhia de Telecomunicações do Brasil Central,2015,2018,Analista de Telecomunicações
21,,Companhia Estadual de Geração e Transmissão de Energia Elétrica - Matriz,2003,2003,Estagiário
145,,Companhia Paranaense de Energia,2010,,Analista de Sistemas
258,,Companhia Paranaense de Energia,1999,1999,Estágio
355,,Compasso,2015,2016,Estagiário
200,,Compasso tecnologia ltda,2014,2017,Desenvolvedor de software
58,,Compera Tecnologia,2003,2006,Gerente de Produto
76,,Competência - Revista da Educação Superior do Senac-RS,2013,2013,
107,,COMPLEXITY,2017,,
376,,Computer Journal (Print),2014,,
107,,COMPUTERS &amp,2018,2018,
89,,Computers &amp,2017,,
107,,COMPUTERS IN BIOLOGY AND MEDICINE,2020,,
420,,Comunidade Sacramento de Amor,2008,2009,Web Designer
119,,Concept Assessoria e Desenvolvimento de Sistemas S C Ltda,1995,1996,Programador de Sistemas
212,,Conexão Assessoria Contábil,2015,2016,Configuração de servidores e acessos web.
203,,Confederação das Cooperativas Centrais de Crédito,2011,2012,Desenvolvedora Java Web
232,,Confederação SICREDI,2008,2010,Analista de Sistemas
232,,Confederação SICREDI,2018,2019,Cientista de Dados
158,,Conselho Estadual de Educação,2008,,Avaliador de Curso
321,,Conselho Estadual de Meio Ambiente,2002,2004,Participação no grupo de trabalho de resíduos
321,,Conselho Municipal de Defesa do Meio Ambiente de Bento Gonçalves,2011,2012,Suplente do Conselho
321,,Conselho Municipal de Defesa do Meio Ambiente-Caxias do Sul,2007,2012,Suplente
68,,Conselho Nacional de Desenvolvimento Científico e Tecnológico,2003,,Bolsista
376,,Conselho Nacional de Desenvolvimento Científico e Tecnológico,2016,,
89,,Conselho Nacional de Desenvolvimento Científico e Tecnológico,2014,2014,
89,,Conselho Nacional de Desenvolvimento Científico e Tecnológico,2015,2015,
139,,Conselho Nacional de Desenvolvimento Científico e Tecnológico,2008,,
419,,Conselho Nacional de Desenvolvimento Científico e Tecnológico,2011,2011,Extensão no Pais - EXP - Nível: C
369,,Conselho Nacional de Desenvolvimento Científico e Tecnológico,2014,2014,Bolsista
369,,Conselho Nacional de Desenvolvimento Científico e Tecnológico,2015,2016,Bolsista
198,,Conselho Nacional de Desenvolvimento Científico e Tecnológico,2011,2012,Bolsista de Iniciação Tecnológica
83,,Consiglio Nazionale delle Ricerche,2012,2012,"ISTI/CNR, Pisa, Italy"
163,,Consiglio Nazionale delle Ricerche,2014,,Colaborador
89,,Consórcio de Universidades Comunitárias Gaúchas,2013,,
56,,Cooperativa Regional Triticola Serrana Ltda,1986,1990,Tecnico Medio
326,,Creche Moinhos de Vento,2011,2011,Professor de Informática
326,,CS computadores,2009,2010,Estagiário
7,,Cumerlato  Schuster,2003,2004,Funcionario
321,,Cursão Unificado,1990,1991,
188,,Cyber Cidades Tecnologias de internet,2016,2018,Desenvolvedor de Software
376,,Data ,2013,2013,
373,,DataCloud Brasil,2019,,Pesquisador
135,,Datacoper Software,2011,2012,Pesquisador
207,,Datamex Tecnologia da Informação LTDA,2008,2010,Programador de computador
213,,Dataminer DBM,2013,2016,Analista de Banco de Dados
84,,Datasul,2000,2002,Programador
1,,Datum T I,2001,2001,Programador
1,,Datum T I,2002,2002,Projetista
326,,Delivery Much - Pameira das Missões,2018,2019,Gerencia
82,,Dells Informática,1998,1999,
140,,Desbravador Automação Hoteleira,2007,2007,Estagiario
58,,Dextra Soluções em Informática S/C Ltda.,2003,2003,Desenvolvedor
259,,Diretoria de Ensino - Universidade Federal de Viçosa campus Rio Paranaíba,2013,2014,Estágio Profissional
231,,Diretório Acadêmico de Engenharia de Software,2010,2012,Vice-Presidente
89,,Dream Trip Serviços Inovativos de Informação,2014,2016,Consultor de Inovação
231,,drSistemas,2008,2010,Técnico em Informática
369,,e-Core Desenvolvimento de Software,2012,2014,Desenvolvedor de Software Sênior
135,,Ecocentauro Sistemas Inteligentes,2013,2015,Programador
139,,Ecos Revista,2005,2018,
292,,Editora Abril,2000,2001,Analista Sistemas
82,,Eeb Walter Holthausen,1996,1997,
377,,Elabora Consultoria e Participações,2011,2012,Pesquisador
85,,Eletromaq Engenharia Ltda,1986,1988,
91,,Eletromeces Equipamentos Telefônicos Ltda,2000,2000,Estagiário
135,,Eletrônica de Potência (Impresso),2012,,
107,,EM QUESTÃO,2017,,
107,,Em Questão (UFRGS. Impresso),2016,,
309,,Emergent Research,2017,,Lead Growth Engineer
107,,Empresa Brasileira de Correios e Telégrafos - Porto Velho,2001,2002,Analista de Redes
83,,Empresa Brasileira de Pesquisa Agropecuária,1994,2006,Pesquisador
150,,Empresa de Pesquisa Agropecuária e Extensão Rural de Santa Catarina,1986,,Nivel Superior
83,,Empresa de Pesquisa Agropecuária e Extensão Rural de Santa Catarina,2007,2008,consultor
155,,Empresa Júnior de Informática da UFBA,2005,2008,Desenvolvedora/Diretora/Líder de Projeto
259,,Empresa Junior do Curso de Sistema de Informação,2013,2013,Assessor de Qualidade
107,,Encontros Bibli,2018,,
83,,Encontros Bibli,2007,2012,
83,,Encontros Bibli (UFSC),2006,,
29,,Endeeper Soluções em Informações e Métodos,2011,,Desenvolvedor de Negócios
29,,Endeeper Soluções em Informações e Métodos,2008,2010,Gerente de Projeto de Software
29,,Endeeper Soluções em Informações e Métodos,2007,2008,Gerente de Desenvolvimento de Software
202,,Engecorps Engenharia S/A,2011,2011,Programador JAVA
321,,Engenharia Sanitária e Ambiental,2005,,
89,,Ensaios e Ciência (Campo Grande),1999,2000,
43,,Ensino Superior de Olinda,2003,2008,Professor de Pós-Graduação
190,,Escola de Educação Básica Prof. Rudolfo Meyer,2002,2002,Laboratorista
181,,Escola Fórmula - IAPC,2013,2013,Estagiária
59,,Escola Monteiro Lobato,2005,2006,Professor
274,,Escola SENAI Ji-Paraná,2012,2015,Instrutor
66,,Escola Superior da Amazônia,2008,2009,Professor
365,,Escola Técnica Estadual 25 de Julho,2014,2016,Aluno
68,,Escritório Forgiarini,1998,2000,
258,,Esso Brasileira de Petróleo,2004,2006,Analista de Sistemas
123,,Eurociber Portugal Tecnologias de Informação Sa,1999,2000,Estagiário
28,,Exacta (São Paulo. Impresso),2016,,
292,,Exanthus Consultoria,2004,2013,Sócio
68,,Expresso Medianeira Ltda,2003,2003,
211,107,Faculdade Anchieta de Ensino Superior do Paraná,2008,2008,Professor Assistente I
428,108,"Faculdade Auxillium de Filosofia, Ciências e Letras",1994,1995,Professor
321,109,Faculdade Cenecista de Bento Gonçalves,2003,2005,
20,110,Faculdade Cenecista de Osório,2007,2016,Professor de Ensino Superior
20,110,Faculdade Cenecista de Osório,2015,2016,Coordenadora de Curso de Graduação
107,10,Faculdade de Ciencias Administrativas e Tecnologicas - FATec,1999,1999,Administrador de Redes Junior
211,112,Faculdade de Tecnologia de Curitiba,2008,2008,Bolsista
211,113,Faculdade de Tecnologia Expert,2009,2009,Professor Assistente
59,114,Faculdade de Tecnologia Pastor Dohms,2011,2012,Professor Adjunto
76,115,Faculdade de Tecnologia SENAC Pelotas,2005,,Professor Adjunto
5,116,Faculdade de Tecnologia Senac-RS,2007,2009,Professor Adjunto
107,117,Faculdade de Tecnologia SENAI,2006,2014,Professor
92,118,Faculdade Estácio de Sá de Santa Catarina,2006,,Professor
145,119,Faculdade Expoente,2011,2015,Professor
40,120,Faculdade Integrada da Bahia,2004,2004,Professor Assistente
66,121,Faculdade Ipiranga,2011,2013,Professor Horista
384,122,Faculdade Maurício de Nassau de Maceió,2015,2018,Professor
130,123,Faculdade Meridional - IMED,2011,2011,Docencia Ensino Superior
43,124,Faculdade Salesiana do Nordeste,2001,2004,Professor Horista
435,125,Faculdades Integradas do Brasil,2008,2010,Colaborador
83,126,Faculdades Network,2004,2005,Horista
43,,FADE,2004,2007,Engenheiro de Desempenho
321,,Fiema Brasil - Feira Internacional de Tecnologia para o Meio Ambiente,2004,2017,Diretora
321,,Fiema Brasil - Feira Internacional de Tecnologia para o Meio Ambiente,2008,2016,Avaliador Prêmio Fiema
321,,Fiema Brasil - Feira Internacional de Tecnologia para o Meio Ambiente,2008,2017,Coordenadora do Congresso Internacional
321,,Fiema Brasil - Feira Internacional de Tecnologia para o Meio Ambiente,2015,,Membro da Comissão Científica do FiemaCon
107,,Financiadora de Estudos e Projetos,2020,,
54,,Florinfo Comércio e Serviços Ltda,1999,1999,Gerente
198,,Freedom Veiculos Eletricos,2012,2012,Estágiario
428,,Frigorífico Gejota Ltda,1994,1995,Analista de Sistemas
89,,Frontiers in Artificial Intelligence,2018,,
89,,Frontiers in Artificial Intelligence - AI for Human Learning and Behavior C,2018,,
376,,Fundação Carlos Chagas Filho de Amparo à Pesquisa do Estado do RJ,2014,2014,
376,,Fundação Centro de Ciências e Educação Superior à Distância do Estado do RJ,2011,2014,Tutor de Banco de Dados
376,,Fundação Centro de Ciências e Educação Superior à Distância do Estado do RJ,2014,2016,Coordenador de Tutoria
376,,Fundação Centro de Ciências e Educação Superior à Distância do Estado do RJ,2016,,Conteudista
83,,Fundação Centro Tecnológico para Informática,1994,1994,
83,,Fundação de Amparo à Ciência e Tecnologia do Estado de Pernambuco,2012,2012,
123,,Fundação de Amparo à Ciência e Tecnologia do Estado de Pernambuco,2018,2018,
123,,Fundação de Amparo à Ciência e Tecnologia do Estado de Pernambuco,2019,,
139,,Fundação de Amparo à Pesquisa do Estado de São Paulo,2016,2018,
83,,Fundação de Amparo à Pesquisa do Estado de São Paulo,2008,,
89,,Fundação de Amparo à Pesquisa do Estado do Rio Grande do Sul,2015,,
89,,Fundação de Amparo à Pesquisa do Estado do Rio Grande do Sul,2015,2017,
107,,Fundação de Amparo à Pesquisa e Inovação do Estado de Santa Catarina,2017,,
83,,Fundação de Amparo à Pesquisa e Inovação do Estado de Santa Catarina,2006,,
66,,Fundação de Amparo e Desenvolvimento da Pesquisa do Pará,2003,2005,Programador
66,,Fundação de Amparo e Desenvolvimento da Pesquisa do Pará,2007,2008,Analista de Sistemas
66,,Fundação de Amparo e Desenvolvimento da Pesquisa do Pará,2008,2009,Administrador de Dados
107,,Fundação de Apoio à Pesquisa e à Inovação Tecnológica do Estado de Sergipe,2014,,Membro de Comitê Assessor
107,,Fundação de Apoio à Pesquisa e à Inovação Tecnológica do Estado de Sergipe,2014,,
321,,"Fundação de Apoio ao Desenvolvimento do Ensino, Ciência e Tecnologia do MS",2006,2007,Consultor ad hoc
92,,Fundação de Ciência e Tecnologia do Estado de Santa Catarina,1999,1999,Administrador da Rede
28,,Fundação de Ensino Superior da Região Centro-Sul,2001,2002,Professor Horista
145,,Fundação de Estudos Sociais do Paraná,2015,,Professor
104,,Fundação do Ensino da Engenharia em Santa Catarina,2008,2008,Analista de Sitemas
186,,Fundação do Ensino da Engenharia em Santa Catarina,2008,2014,Analista de Sistemas
321,,Fundação Educacional da Região dos Vinhedos,1990,1995,Professor Horista
158,,Fundação Educacional do Município de Assis,1994,,Analista de Sistema
54,,Fundação Educacional Hansa Hamonia,2000,2000,Professor substituto
321,,Fundação Estadual de Proteção Ambiental Henrique Luís Roessler,2003,2003,sem enquadramento
321,,Fundação Estadual de Proteção Ambiental Henrique Luís Roessler,1999,1999,Membro da Câmara Técnica Provisória
355,,Fundação Hospitalar Santa Terezinha,2013,2015,Estagiário
29,,Fundação Instituto Brasileiro de Geografia e Estatística,2011,,Analista de Planejamento
212,,Fundação para o Desenvolvimento de Recursos Humanos,2011,2012,Estagiário no Banco Banrisul
321,,Fundação Parque Tecnológico Itaipu Brasil,2014,2015,Conteudista
428,14,Fundação Paulista de Tecnologia e Educação,1991,2001,Professor
107,,Fundação Rio Madeira,2003,2004,Pesquisador
81,,Fundação Universidade Federal do Rio Grande,2000,2004,estagiário
306,15,Fundação Universidade Regional de Blumenau,2006,2011,Auxiliar em assuntos de informatica
376,,Future Generation Computer Systems-The International Journal of eScience,2016,,
377,,Gaia Informática,1999,2000,Desenvolvedor Lotus Notes
207,,Garcia Informática,2002,2004,Técnico em informática
83,,Georgia Institute of Technology,2002,2002,"College of Computing, Atlanta, USA"
232,,GETNET Tecnologia,2010,2018,Coordenador de TI
83,,GIScience and Remote Sensing,2004,,
321,,Global Engenharia,2001,2002,Apoio Técnico
321,,Global Engenharia,2002,2002,Apoio Técnico
321,,Global Engenharia,2016,2018,Assessoria Técnica - Elaboração PGIRS/CISGA
211,,Global Village Telecom,2001,2002,Estagiário Suporte Técnico
36,,Godigital Tecnologia e Participações,2008,2009,Pesquisador e Desenvolvedor de Software
21,,Godigital Tecnologia e Participações,2008,2011,Pesquisador e Desenvolvedor
118,,Godigital Tecnologia e Participações,2010,2010,Consultor
291,,Governo do Estado do Rio Grande do Sul,2013,2015,Assistente Administrativo
130,,Governo do Estado do Rio Grande do Sul,2011,,Professor
290,,GRUPO DASS,2011,,Programador de Software
82,,Gsti Tecnologia da Informação,2000,2000,Pessoa Jurídica
89,,GVDasa Informática,2011,2014,Consultor de Inovação
369,,HealthPlan Services,2012,2014,Desenvolvedor de Software Sênior
376,,HELIYON,2019,2019,
225,,Hewlett Packard,2010,2010,Pesquisador
81,,Hewlett Packard Brasil Ltda (RS),2006,,Bolsista
91,,Hewlett-Packard,2006,2007,Bolsista
373,,Hoplon Infotainment,2005,2006,Administrador de Bancos de DAdos
384,,Hospital e Maternidade Dom Orione,2003,2014,Coordenador de Tecnologia da Informação
145,,HSBC Bank Brasil S.A.,2006,2010,Analista de Sistemas
424,,IBM Brasil,2008,,Analista de Suporte
58,,IBM do Brasil Indústria Máquinas e Serviços Ltda,2006,,Engenheiro de Software Staff
240,,IC1 Soluções Computacionais,2011,2013,Desenvolvedor Web
78,,Idea Tecnologia da Informação Ltda.,2004,2006,Desenvolvedor JAVA
231,,Ideiah Soluções em Software Júnior,2012,2013,Diretor Administrativo
107,,IEEE Access,2017,,
376,,IEEE Access,2020,,
169,,IEEE Access,2018,2018,
107,,IEEE IT Professional,2017,,
83,,IEEE Multimedia,2015,,
376,,IEEE T SERV COMPUT,2014,,
225,,IEEE Transactions on Knowledge and Data Engineering (Print),2016,,
376,,IEEE Transactions on Parallel and Distributed Systems (Print),2014,,
135,,IET Power Electronics,2009,,
258,,"IMB BRASIL-INDUSTRIA, MAQUINAS E SERVIÇOS LTDA",2006,2012,Funcionário
135,,Incubadora Tecnólogica de Santa Maria,2002,2003,Sócio-Empreendedor
107,,INFORMAÇÃO &amp,2018,2018,
119,,Information Systems,2008,2008,
43,,INFORMATION SYSTEMS,2019,,
107,,Information Systems (Elsevier),2020,,
83,,Information Systems Journal,2015,,
213,,Inhonex LLA,2011,2013,Administrador de Banco de Dados
64,,INNOVARE INFORMÁTICA,2005,2006,Programador Pleno
376,,Institut National de Recherche en Informatique et en Automatique - Siège,2017,,
83,,Instituto Brasileiro de Tecnologia Avançada,2004,2006,
373,,Instituto de Ensino Superior da Grande Florianópolis,2018,,Professor
321,,Instituto de Estudos e Pesquisas Ambientais Sociais Econômicas e Em Direito,2002,2004,Consultoria
21,,Instituto de Informática,2006,2007,Professor horista
321,128,Instituto de Pesquisa Econômica Aplicada - DF,2011,2011,Bolsista
41,129,Instituto de Pesquisas Eldorado - Brasília,2010,,Analista de Software Pleno
181,130,Instituto de Previdência do Estado do Rio Grande do Sul,2014,2014,Analista de Sistemas
155,131,Instituto do Recôncavo de Tecnologia,2008,2008,Estagiária
118,132,Instituto Estadual de Educação Nossa Senhora Imaculada,2018,,
66,127,Instituto Evandro Chagas,2013,,Analista de Gestão - Banco de Dados
239,19,Instituto Federal Catarinense,2010,2011,Desenvolvedor
239,19,INSTITUTO FEDERAL CATARINENSE,2014,2017,BOLSISTA DE PESQUISA
239,19,INSTITUTO FEDERAL CATARINENSE,2017,,Professor de Ensino Básico
243,19,Instituto Federal Catarinense,2011,2012,
211,19,Instituto Federal Catarinense,2012,2014,"Professor do Ensino Básico, Téc. e Tecnológic"
211,19,Instituto Federal Catarinense,2014,,Professor de Ensino Básico Téc. e Tecnológico
211,19,Instituto Federal Catarinense,2016,2017,Coordenador de Curso Técnico
54,19,Instituto Federal Catarinense - Campus Camboriú,2010,,Professor EBTT
239,19,Instituto Federal Catarinense Campus Camboriú,2013,,Técnico em Tecnologia da Informação
274,134,Instituto Federal de Educação Ciência e Tecnologia de Rondônia,2016,,Professor de Informática
274,134,Instituto Federal de Educação Ciência e Tecnologia de Rondônia,2019,,Coordenador de Pesquisa e Inovação
274,134,Instituto Federal de Educação Ciência e Tecnologia de Rondônia,2017,2019,Coordenador de Formação Inicial e Continuada
274,134,Instituto Federal de Educação Ciência e Tecnologia de Rondônia,2018,2019,Coordenador da Rede de Incubadoras - Calama
220,18,"Instituto Federal de Educação, Ciência e Tecnologia do Espírito Santo",2016,,Pesquisador
228,133,"Instituto Federal de Educação, Ciência e Tecnologia do Rio Grande do Sul",2017,,Analista de TI
200,133,"Instituto Federal de Educação, Ciência e Tecnologia do Rio Grande do Sul",2020,,Professor de informática
188,133,"Instituto Federal de Educação, Ciência e Tecnologia do Rio Grande do Sul",2011,2012,Estagiário no Suporte (TI)
118,133,"Instituto Federal de Educação, Ciência e Tecnologia do Rio Grande do Sul",2010,,Professor
369,133,"Instituto Federal de Educação, Ciência e Tecnologia Sul-rio-grandense",2017,,Docente
129,133,"Instituto Federal de Educação, Ciência e Tecnologia Sul-Riograndense",2008,,"Prof. Ensino Básico, Técnico e Tecnológico"
129,133,"Instituto Federal de Educação, Ciência e Tecnologia Sul-Riograndense",2009,2010,Coordenador Curso Superior de Tecnologia
129,133,"Instituto Federal de Educação, Ciência e Tecnologia Sul-Riograndense",2013,2015,Coordenador do Curso TSPI
43,136,Instituto Federal de Pernambuco,2004,2006,Professor Substituto
107,19,Instituto Federal de Santa Catarina,2015,2015,Professor
190,19,Instituto Federal de Santa Catarina,2015,2015,Professor substituto
243,19,Instituto Federal de Santa Catarina,2013,2014,Técnico em análise de T.I
428,135,Instituto Federal de São Paulo,2010,,"Professor Ensino Básico, Tec e Tecnológico"
93,,Instituto Federal do Paraná,2015,,TÉCNICO DE TECNOLOGIA DA INFORMAÇÃO
181,20,Instituto Federal Farroupilha,2014,,ANALISTA DE TECNOLOGIA DA INFORMAÇÃO
181,20,Instituto Federal Farroupilha,2016,2016,PROFESSOR DE CURSO TÉCNICO - PRONATEC
291,20,Instituto Federal Farroupilha,2016,2017,Docente Substituto
225,20,Instituto Federal Farroupilha,2017,2017,Professor substituto
231,20,Instituto Federal Farroupilha,2015,,"Professor Ens. Básico, Técnico e Tecnológico"
266,20,Instituto Federal Farroupilha,2010,2010,Aluno
300,20,Instituto Federal Farroupilha,2015,,Técnico Adminstrativo em Edutação
319,20,Instituto Federal Farroupilha Campus Alegrete,2015,2016,Estágiario
319,20,Instituto Federal Farroupilha Campus Alegrete,2016,,Estágiario
369,133,Instituto Federal Sul-Rio-Grandense,2015,2015,Professor Substituto
158,22,Instituto Municipal de Ensino Superior de Assis,2010,2018,Coordenador de Curso
158,22,Instituto Municipal de Ensino Superior de Assis,1996,,Professor de Ensino Superior
158,22,Instituto Municipal de Ensino Superior de Assis,2004,2009,Coordenador Centro Pesquisas em Informática
158,22,Instituto Municipal de Ensino Superior de Assis,2018,,Vice-Diretor Acadêmico
107,137,Instituto Nacional de Estudos e Pesquisas Educacionais Anísio Teixeira,2011,2011,Membro de Comissão
89,137,Instituto Nacional de Estudos e Pesquisas Educacionais Anísio Teixeira INEP,2014,2016,
89,137,Instituto Nacional de Estudos e Pesquisas Educacionais Anísio Teixeira INEP,2016,2018,
181,,Instituto Nacional de Pesquisas Espaciais,2010,2011,Aluno de Iniciação Científica
181,,Instituto Nacional de Pesquisas Espaciais,2011,2011,Aluno de Iniciação Científica
130,,Instituto Nacional de Pesquisas Espaciais,2008,2008,Bolsista CNPQ
21,,Instituto Nacional do Seguro Social No Rio Grande do Sul,2003,2004,Estagiário
321,,Instituto Porto Alegre Ambiental,2012,2012,Responsável Técnico - Biólogo
422,,Instituto Superior de Tecnologia,2004,2004,professor colaborador
258,,Instituto Tecnológico Simepar,2000,2004,Empregado
225,,INTELIGENCIA ARTIFICIAL,2018,,
76,,Interface Informática,1993,1997,Programador
321,,International Conference on Advances in Civil and Ecological Engenieering R,2020,,
107,,International Journal of Big Data Intelligence,2017,,
107,,International Journal of Computational Science and Engineering,2016,,
225,,International Journal of Computers and Applications,2019,,
417,,International Journal of Computing Sciences Research (IJCSR),2017,,
107,,International Journal of Grid and Utility Computing,2015,,
107,,International Journal of Grid and Utility Computing (IJGUC),2017,,
107,,International Journal of High Performance Computing and Networking (Print),2014,,
107,,International Journal of High Performance Systems Architecture (Print),2014,,
89,,International Journal of Information Technology and Web Engineering -IJITWE,2016,,
225,,INTERNATIONAL JOURNAL OF SOFTWARE ENGINEERING AND KNOWLEDGE ENGINEERING,2019,,
123,,INTERNATIONAL JOURNAL OF SOFTWARE ENGINEERING AND KNOWLEDGE ENGINEERING,2018,2018,
21,,Invenio Software Inteligente Limitada,2011,,Bolsista
115,,IONICS SERVICES LTDA,2010,2010,ANALISTA PROGRAMADOR
258,,ISPRS International Journal of Geo-Information,2019,,
64,,iSys - Revista Brasileira de Sistemas de Informação,2018,,
54,,IT Factory Soluções Tecnológicas,2005,2010,Sócio proprietário
296,,Itau Unibanco,1997,2004,Programadora
296,,Itau Unibanco,2004,2008,Analista Sistemas
296,,Itau Unibanco,2008,2014,Analista Sistemas
89,,J u m p M e d ia,2014,2016,Consultor
376,,J ZHEJIANG U-SCI C,2013,,
212,,Jornal do Garcia,2012,2014,Desenvolvedor Web do Jornal
92,,Jornal Gazeta Ilha Norte,1999,2000,Programador
89,,Journal of Applied Computing Research,2014,,
376,,Journal of Biomedical Informatics,2013,2013,
376,,Journal of Computational Science,2016,,
376,,Journal of Computational Science,2016,2016,
190,,Journal of Computer Networks and Communications,2014,,
107,,Journal of Digital Imaging,2013,,
376,,Journal of Grid Computing,2013,2013,
321,,Journal of Hydrogeology  Hydrologic Engineering,2017,,
376,,Journal of Information and Data Management - JIDM,2013,,
64,,Journal of Information and Data Management - JIDM,2018,,
43,,Journal of Information and Data Management - JIDM,2014,,
50,,Journal of Information and Data Management - JIDM,2014,,
83,,Journal of Information and Data Management - JIDM,2015,,
123,,Journal of Information and Data Management - JIDM,2013,2013,
169,,Journal of King Saud University - Computer and Information Sciences,2019,2019,
190,,Journal of Network and Computer Applications,2016,,
40,,JOURNAL OF NETWORK AND COMPUTER APPLICATIONS,2018,,
376,,JOURNAL OF PARALLEL AND DISTRIBUTED COMPUTING,2018,,
376,,Journal of Supercomputing,2014,,
169,,JOURNAL OF SYSTEMS AND SOFTWARE,2019,2019,
119,,Journal of the Brazilian Computer Society,2008,2008,
376,,Journal of the Brazilian Computer Society (Impresso),2014,,
50,,Journal of the Brazilian Computer Society (Impresso),2011,,
83,,Journal of the Brazilian Computer Society (Impresso),2002,,
50,,JOURNAL OF UNIVERSAL COMPUTER SCIENCE,2019,,
83,,Journal of Universal Computer Science (Print),2010,2010,
209,,Junior Achievement,2007,2007,Gerente de Finanças
231,,Junior Achievement,2006,2006,Participante
428,,Júpiter Systems Thecnology,2015,2016,Consultor em Engenharia de Processos
376,,Laboratório Nacional de Computação Científica,2014,,Colaborador
83,,Lecture Notes in Computer Science,2001,,
54,,Lince Participações e Empreendimentos Ltda,1992,1995,Programador Jr.
81,,Lindenmeyer Advogados e Associados,2005,2005,estagiário
240,,Livid,2014,2015,Engenheiro de Software
307,,Lógica Informatica,2008,,Analista de Sistemas Pleno
292,,LogicCom,2004,2005,Analista Suporte
82,,Luminar Comércio e Industria Ltda,1999,2000,Auxiliar de CPD
292,,M4 Sistemas,2008,2010,Gerente de Projetos
369,,Marine Systems  Ocean Technology,2014,2014,
202,,Maxximo Fidelidade,2012,,Analista de Sistemas
27,,Mercador SA,2003,2005,Analista de Sistemas
19,,Mergen ,2004,2010,Pesquisador
189,,Micromar Indústria e Comércio Ltda,2011,2012,Estagiário em Programação
189,,Micromar Indústria e Comércio Ltda,2012,2013,Analista de Sistemas
394,,MicroWay Cursos e Treinamentos,2013,2013,Monitor
292,,MIDO JUPITER,2003,2004,Analista Sistemas
315,,Migrate Company,2012,2017,Analista de Sistemas e Desenvolvedor
155,,Minds At Work Sistemas e Projetos,2014,2014,Analista de Sistemas
155,,Minds At Work Sistemas e Projetos,2014,,Analista de Sistemas Pleno
107,,"Ministério da Ciência, Tecnologia e Inovação",2015,2015,
107,,"Ministério da Ciência, Tecnologia e Inovação",2015,,
278,,Ministério da Defesa,2010,2013,Oficial Técnico Temporário de Informática
278,,Ministério da Defesa,2010,2010,Oficial Técnico Temporário de Informática
321,,Ministério da Defesa,2014,2014,Não Há
419,,Ministério da Educação,2019,,Membro do Banco de Avaliadores do SINAES
321,,Ministério da Saúde,2014,2014,Parecerista ad hoc
321,,Ministério da Saúde / SUS,2014,2014,
89,,Mobile Information Systems,2016,,
107,,MOBILE NETWORKS AND APPLICATIONS,2020,,
104,,Módula Software Ltda.,2006,2007,Estagiário
258,,Multimedia Tools and Applications,2013,,
19,,Nacional Supermercados S/A,1998,1999,Auxiliar Técnico
242,,National Research Council of Italy,2015,2015,Pesquisador SEEK visitante
203,,Nec Plus Ultra Gestão  Tecnologia,2009,2011,Testadora de software
186,,Negócios de Informática,2005,2008,Consultor Técnico
312,,Nekto - Tecnologia em Gestão e Pessoas,2017,,Analista de Sistemas
64,,Neogrid S.A,2003,2005,Programador Júnior
202,,NEOMIND SOLUTIONS INFORMÁTICA LTDA,2010,2011,Programador JAVA
114,,Neoway Business Solutions,2010,,Administrador de Bancos de Dados
220,,NET PLUS INFORMATICA LTDA ME,2015,2016,Analista de Sistemas
376,,Netherlands Organisation for Scientific Research,2019,,
373,,Nexxera Tecnologia e Serviços S.A.,2002,2004,Administrador de Bancos de Dados
220,,Open Manager (L Alves de Jesus Malini),2016,2017,Analista de Sistemas
373,,OpenS Tecnologia e Processamento de Dados,2006,2006,Programador
244,,Oren Systems Ltda,2012,2012,Programador
139,,Organicom. Revista Brasileira de Comunicação Organizacional e Relações Públ,2004,,
165,,Organização das Voluntárias de Goiás,2005,2007,Analista de Sistemas
135,,Origammi,2015,,Desenvolvedor e Analista
27,,Partner Sistemas de Informação Ltda,2000,2001,Programador Pleno
376,,PeerJ,2019,,
252,,Petróleo Brasileiro - Rio de Janeiro - Matriz,2018,,Analista de Sistemas
419,,PIIC-URI,2012,2012,
419,,PIIC-URI,2013,2018,
373,,Poligraph Sistemas e Representações,2010,2014,Administrador de Bancos de Dados
428,,Politec Informática - Matriz,2003,2008,Gerente
83,138,Pontifícia Universidade Católica de Campinas,1997,1999,Professor convidado
428,139,Pontifícia Universidade Católica de Minas Gerais,2000,2001,Professor Assistente III
211,24,Pontifícia Universidade Católica do Paraná,2000,2001,
211,24,Pontifícia Universidade Católica do Paraná,2004,2006,Bolsista
91,26,Pontifícia Universidade Católica do Rio Grande do Sul,2006,2008,Bolsista
28,26,Pontifícia Universidade Católica do Rio Grande do Sul,1999,2001,Professor Auxiliar
53,26,Pontifícia Universidade Católica do Rio Grande do Sul,2001,2004,Estágio
53,26,Pontifícia Universidade Católica do Rio Grande do Sul,2005,2006,Pesquisa e Desenvolvimento
225,26,Pontifícia Universidade Católica do Rio Grande do Sul,2010,2012,Pesquisador
225,26,Pontifícia Universidade Católica do Rio Grande do Sul,2012,2014,Desenvolvedor de Sistemas
139,26,Pontifícia Universidade Católica do Rio Grande do Sul,1974,,
139,26,Pontifícia Universidade Católica do Rio Grande do Sul,2000,,
232,26,Pontifícia Universidade Católica do Rio Grande do Sul,2019,,Professor
81,26,Pontifícia Universidade Católica do Rio Grande do Sul,2006,,Bolsista
123,26,Pontifícia Universidade Católica do Rio Grande do Sul,2008,2008,Professor horista
225,26,Pontifícia Universidade Católica do Rio Grande do Sul - Uruguaiana,2006,2007,Estagiário
198,,Ponto a Ponto Informática LTDA,2009,2009,Estágiario
209,,Prefeitura Municipal de Alegrete,2010,2011,Técnico em Computação
130,,Prefeitura Municipal de Alto Alegre,2000,2000,Instrutor Curso de Informática - Contrato
130,,Prefeitura Municipal de Alto Alegre,2001,2003,Responsável Setor de Informática
130,,Prefeitura Municipal de Alto Alegre,2003,2008,Agente Administrativo - Setor de Informática
130,,Prefeitura Municipal de Alto Alegre,2009,,Coordenador Telecentro comunitário
369,,Prefeitura Municipal de Bagé,2013,2017,Informata de Nível Superior
321,,Prefeitura Municipal de Bento Gonçalves,1993,1993,Assessor Técnico
321,,Prefeitura Municipal de Bento Gonçalves,1999,2000,consultor técnico
175,,Prefeitura Municipal de Caxias do Sul,2014,,Analista de Sistemas
188,,Prefeitura Municipal de Colorado,2013,2016,Suporte e administração (TI)
435,,Prefeitura Municipal de Curitiba,2006,2006,Professor
82,,Prefeitura Municipal de Lauro Muller,1994,1994,Bolsista
129,,Prefeitura Municipal de Passo Fundo,2018,,
291,,Prefeitura Municipal de Santiago,2012,2013,Agente de Saúde
28,,Prefeitura Municipal de São Gabriel,2002,2003,Analista de Sistemas
231,,Prefeitura Municipal de Sobradinho,2008,2008,Professor de Informática
300,,Prevedello Sistemas,2007,2012,Analista de Sistemas
43,,Principia (João Pessoa),2016,,
68,,Probank Ltda,2000,2003,Digitador
21,,Procomp Industria Eletrônica,1999,2000,Técnico Eletrônico
115,,PROGENESE TECNOLOGIA LTDA,2008,2010,PROGRAMADOR
115,,PROGENESE TECNOLOGIA LTDA,2007,2008,PROGRAMADOR
189,,PROGIC Tecnologia Eletrônica,2015,2018,Analista de Sistemas
321,,Programa Alfa II - Rede Jean Mermoz,2005,2006,Bolsista
220,,Prosperi (DLN Consultoria e Informatica Ltda),2011,2013,Desenvolvedor de Sistemas
278,,Prumos Interativa,2008,2008,Operador de Computador
278,,Prumos Interativa,2009,2010,Programador de Computador
27,,PWPP,2003,2003,Programador
54,,Quality Informática,1998,1998,Instrutor de Informática
123,,RBCA: Revista de Brasileira de Computação Aplicada,2010,,
28,,REAd. Revista Eletrônica de Administração,2001,2012,
259,,Rede Nacional de Ensino e Pesquisa,2017,2017,Tutor de Experimentos do Testbed FIBRE
373,,Rede Nacional de Ensino e Pesquisa,2017,2017,Assistente (Desenvolvedor Júnior)
81,,Refinaria de Petróleo Ipiranga Isatec Informática,1998,1999,estagiário
119,,REIC. Revista Eletrônica de Iniciação Científica,2006,,
119,,REIC. Revista Eletrônica de Iniciação Científica,2004,,
123,,REIC. Revista Eletrônica de Iniciação Científica,2007,,
83,,REIC. Revista Eletrônica de Iniciação Científica (Online),2010,,
307,,REINKE  CIA LTDA,2005,2008,Técnico em Informática
253,,Relbt Soluções em Tecnologia da Informação e Comunicação LTDA,2014,2015,Sócio Diretor
83,,RESI : Revista Eletrônica de Sistemas de Informação,2007,,
83,,RESI. Revista Eletrônica de Sistemas de Informação,2007,2007,
376,,RETEC. Revista de Tecnologias (Ourinhos),2012,,
321,,Revista Biociências,2006,,Revisora
321,,Revista Biociências (Taubaté),2006,,
139,,Revista Brasileira de Ciências da Comunicação,2008,,
129,,Revista Brasileira de Computação Aplicada,2016,,
43,,Revista Brasileira de Computação Aplicada,2013,,
83,,Revista Brasileira de Computação Aplicada,2013,,
118,,Revista Brasileira de Computação Aplicada,2015,,
89,,Revista Brasileira de Informática na Educação,2015,,
64,,Revista Brasileira de Informática na Educação (RBIE),2019,,
89,,Revista Calidoscópio (1679-8740),2008,,
28,,Revista Científica da UninCor,2011,,
123,,Revista ComInG - Communications and Innovations Gazette,2015,,
89,,"Revista Competência, revista da Educação Superior do Senac-RS",2012,,
129,,Revista Conexões - Ciência e tecnologia,2014,,
118,,"Revista de Empreendedorismo, Inovação e Tecnologia",2015,,
119,,Revista de Informática Teórica e Aplicada,2007,,
107,,REVISTA DE INFORMÁTICA TEÓRICA E APLICADA: RITA,2017,,
59,,Revista de Informática Teórica e Aplicada: RITA,2012,,
19,,Revista de Informática Teórica e Aplicada: RITA,2012,,
118,,Revista de Informática Teórica e Aplicada: RITA,2015,,
123,,Revista de Sistemas de Informação da Faculdade Salesiana Maria Auxiliadora,2009,,
419,,Revista de Sistemas de Informação da FSMA,2014,2014,
321,,Revista Desenvolvimento e Meio Ambiente,2013,,
28,,Revista do CCEI,2006,2012,
28,,Revista do CCEI,2004,2010,
369,,Revista do CCEI,2017,,
225,,Revista Eletrônica Argentina-Brasil de Tecn. da Inform. e da Com. (REABTIC),2016,,
419,,Revista Eletrônica Argentina-Brasil de TICs,2013,2017,
83,,Revista Eletrônica de Iniciação Científica,2010,,
321,,Revista Engenharia Sanitária e Ambiental,2004,,Revisor
28,,"Revista GEINTEC: gestao, inovacao e tecnologias",2014,,
107,,Revista IEEE América Latina,2015,,
139,,Revista Internacional de Relaciones Publicas,2011,,
20,,Revista iTEC,2010,2015,
229,,Revista Jr de Iniciação Científica em Ciências Exatas e Engenharia - ICCEE,2013,2015,
228,,Revista Jr de Iniciação Científica em Ciências Exatas e Engenharia - ICCEEg,2013,,
369,,Revista Junior de Iniciação Científica em Ciências Exatas e Engenharia,2015,,
89,,Revista Liberato (Novo Hamburgo),2015,,
321,,Revista Panamericana de Salud Pública,2003,,Revisora
321,,Revista Panamericana de Salud Pública / Pan American Journal of Public Heal,2006,2006,
20,,Revista Trajetória Multicursos,2016,,
200,,Saint George International College,2018,2018,Auxiliar administrativo
242,,SAMABSD LTDA ME,2011,2012,Estágio
321,,Scientia cum Industria,2014,,
321,,SCIENTIA CUM INDUSTRIA,2015,,
54,,Scriba Comunicações Ltda,1991,1992,Operador de micro
373,,Secretaria da Segurança Pública e Defesa do Cidadão de Santa Catarina,2018,2019,Pesquisador
89,,"Secretaria de Ciência, Inovação e Desenvolvimento Tecnológico",2013,,
150,,Secretaria de Estado da Administração,2015,2017,Gerente de Projetos
150,,Secretaria de Estado da Administração,2017,2019,Gerente de Tecnologia da Informação
107,,Secretaria de Saúde do Estado de Rondônia,2001,2002,Analista de Redes
321,,Secretaria Estadual do Meio Ambiente,2001,2002,Membro da câmara Técnica de Resíduos Sólidos
321,,Secretaria Estadual do Meio Ambiente (RS),2003,2003,sem vínculo
130,,Sell Soft Informática Ltda,1998,2000,Desenvolvedor
384,,SENAI - Departamento Regional de Tocantins,2007,2008,Instrutor Tecnologia da Informação
384,,SENAI - Departamento Regional de Tocantins,2003,2003,Professor Curso Técnico em Informática
61,,Serviço Nacional de Aprendizagem Comercial,1993,1994,Professor
225,,Serviço Nacional de Aprendizagem Comercial - RS,2016,2016,Professor temporario
326,,Serviço Nacional de Aprendizagem Comercial - RS,2017,2018,Professor
394,,Serviço Nacional de Aprendizagem Comercial - SC,2019,,Professor Informática
54,,Serviço Nacional de Aprendizagem Comercial Lages Sc,2000,2001,Professor
115,,SESC - Agência Regional de Santa Catarina,2011,2015,ANALISTA DE TI III
253,,Setup Junior Consultoria e Desenvolvimento,2012,2013,Diretor de Tecnologia da Informação
209,,SiDi,2019,,Desenvolvedor Pleno
123,,Sig Soluções Em Informática e Gestão,2004,2004,Analista de Sistemas
43,,SISTEMAS DE INFORMAÇÃO (MACAÉ),2019,,
321,,Sistemas de Proteção Ambiental,1992,1992,Consultora
315,,Sistemas de Rastreamento Infratrack,2012,2014,Desenvolvedor e Suporte
56,,Sociedade Brasileira de Computação - Porto Alegre,2009,,Representante Instituicional
119,,Sociedade Brasileira de Computação - Porto Alegre,1996,,Sócio Efetivo
119,,Sociedade Brasileira de Computação - Porto Alegre,2013,,Diretora Administrativa
40,,Sociedade Brasileira de Computação - Porto Alegre,2013,2015,Membro de comissão
321,,Sociedade Caritativa Literária São José Colégio São José,1989,1989,
321,,Sociedade Caxiense de Cultura,1990,1991,Professora
190,28,Sociedade Educacional de Santa Catarina,2008,2008,Temporário
91,,Sociedade Educacional do Rio Grande do Sul,2012,2013,Professor
321,,Sociedade Educacional Leonardo da Vinci,1988,1992,
28,29,Sociedade Educacional Três de Maio,2004,2004,
315,29,Sociedade Educacional Três de Maio,2014,2015,Professor de PHP
315,29,Sociedade Educacional Três de Maio,2017,,Estudante/Pesquisador
114,,Softplan Planejamento e Sistemas,2008,2010,Analista de Sistemas
126,,Softplan Planejamento e Sistemas,2008,,Administrador de banco de dados
168,,Softplan Planejamento e Sistemas,2009,,Analista e implementadora de sistemas
123,,Software and Systems Modeling,2017,2017,
435,,Software House,2004,2007,Programador / DBA
66,,Stefanini Consultoria e Assessoria em Informática,2009,2010,Administrador de Dados
78,,Stefanini Soluções em tecnologia da Informação S/A.,2007,,Desenvolvedor JAVA Documentum
92,,StudioD - Web e Mídia Digital,2001,2002,Analista de Sistemas
203,,Substractum Tecnologia,2012,2013,Desenvolvedora Java Web
213,,Suntech | Grupo Verint,2016,2017,Analista de Banco de Dados
373,,Suntech Sistemas,2004,2005,Administrador de Bancos de Dados
36,,T Engenheiros Associados,2007,2008,Engenheiro de Software
420,,Tbit Tecnologia e Sistemas,2010,,Desenvolvedor
92,,TCM Informatica,2000,,Analista de Sistemas
292,,TECHCODES,2011,2013,Diretor de tecnologia
28,,Technical Gazzette,2016,,
3,,TeleHUMANA Comunicações S.A.,2003,2004,Estagiária
376,,The Journal of Systems and Software,2013,,
107,30,The University of Western Ontario,2010,2011,Part-time Visiting Graduate Student
169,30,The University of Western Ontario,2016,2016,Teaching Assistant
209,,The Wedding Opera,2014,2014,Desenvolvedor
83,,Thiara Distribuidora,1989,1991,Analista / Programador
155,,TNO Tech,2010,2012,Analista de Sistemas Pleno
20,,Trajetória Multicursos,2017,,
20,,TreinaCentrics - Treinamento Corporativo,2003,2007,Instrutora
82,,Tribunal de Justica do Estado de Santa Catarina,2003,,Analista de Sistemas
253,,Tribunal Regional do Trabalho da 15ª Região,2015,,Técnico Judiciário
232,,Tribunal Regional do Trabalho da 4ª Região,2019,,Técnico Judiciário - Esp. Tec. Informação
315,,Tribunal Regional do Trabalho da 4ª Região (RS),2017,,Técnico Judiciário - Tecnologia da Informação
72,,Tribunal Regional do Trabalho da 4ª Região (RS),2014,,Analista Judiciário - TI
3,,Tribunal Regional Federal da 4ª Região,2004,,"Técnica Judiciária, Especialidade Informática"
292,,Trust Consultores,2010,2011,Gerente de Projetos
321,,Turku University of Aplied Science,2007,2007,Professor Visitante
321,,Turku University of Aplied Science,2011,2011,Professor Visitante
321,,Turku University of Aplied Science,2006,2007,Professor e pesquisador visitante
257,,Ubivis Licenciamento de Software,2017,2017,Estágio
257,,Ubivis Licenciamento de Software,2017,,Desenvolvedor
321,,Universidad Católica de Trujillo Benedito XVI,2018,,Professor Visitante
89,140,Universidad de Zaragoza,2014,2014,Pesquisador Visitante
135,141,Universidad Nacional de Misiones,2014,2017,Professor
229,31,Universidad Pública de Navarra,2015,2018,Bolsista de doutorado - CNPq
292,142,Universidade Católica de Angola,2003,2003,Professor
28,32,Universidade Católica de Pelotas,1993,1995,Monitor
28,32,Universidade Católica de Pelotas,1995,1995,Bolsista de Iniciação Científica
76,32,Universidade Católica de Pelotas,1998,2004,Auxiliar de Ensino
76,32,Universidade Católica de Pelotas,2006,2007,Bolsista CNPq
21,32,Universidade Católica de Pelotas,2000,2002,Estagiário
21,32,Universidade Católica de Pelotas,2002,2003,Voluntário
21,32,Universidade Católica de Pelotas,2004,2005,Iniciação Científica
140,143,Universidade Comunitária da Região de Chapecó,2008,2009,estagiário
140,143,Universidade Comunitária da Região de Chapecó,2010,2010,Programador de Sistemas II
268,143,Universidade Comunitária da Região de Chapecó,2019,2019,Tutoria de Cursos EAD
28,33,Universidade da Região da Campanha,1997,1999,Professor Horista
28,33,Universidade da Região da Campanha,2001,2006,Assistente
369,33,Universidade da Região da Campanha,2010,2011,Desenvolvedor de Software
369,33,Universidade da Região da Campanha,2016,2017,Desenvolvedor de Software Sênior
369,33,Universidade da Região da Campanha,2016,2017,Professor do Ensino Superior
91,34,Universidade de Brasília,2019,,Analista de TI
119,35,Universidade de Caxias do Sul,2001,2004,
119,35,Universidade de Caxias do Sul,1997,2001,Professor horista
419,35,Universidade de Caxias do Sul,2000,2001,PROFESSORA CONVIDADA
123,35,Universidade de Caxias do Sul,2005,2005,Professor horista
321,35,Universidade de Caxias do Sul,1990,2013,Professor Adjunto
321,35,Universidade de Caxias do Sul,1977,1978,Auxiliar de Escritório II- Padrão 4
321,35,Universidade de Caxias do Sul,1991,1992,Técnico de Laboratório
321,35,Universidade de Caxias do Sul,2010,,Diretora do Instituto de Saneamento Ambiental
321,35,Universidade de Caxias do Sul,2013,2016,Doutor Titular I
321,35,Universidade de Caxias do Sul,1986,1986,Membro do Conselho Universitário
321,35,Universidade de Caxias do Sul,2010,2018,RT Programa de gerenciamento Ambiental UCS
321,35,Universidade de Caxias do Sul,2010,2018,RT Gerenciamento de Resíduos Sólidos UCS
321,35,Universidade de Caxias do Sul,1998,2018,RT Gerenciamento de Resíduos Sólidos HG
321,35,Universidade de Caxias do Sul,2016,2017,RT Estudos hidrológicos - Seara
321,35,Universidade de Caxias do Sul,2016,2018,RT PGRS - Carvi
321,35,Universidade de Caxias do Sul,2016,2018,RT Plano Gerenc. Resíduos Sólidos / UCS
321,35,Universidade de Caxias do Sul,2016,2018,RT Licenciamento Ambiental UCS
321,35,Universidade de Caxias do Sul,2015,2018,RT PGRSS UCS
321,35,Universidade de Caxias do Sul,2015,2018,RT Licenciamento Camva
321,35,Universidade de Caxias do Sul,2016,2018,RT Licenciamento Carvi
321,35,Universidade de Caxias do Sul,2016,2017,RT Estudos resíduos Antônio Prado
321,35,Universidade de Caxias do Sul,2016,2018,RT Licenciamento HG
321,35,Universidade de Caxias do Sul,2015,2018,RT PGRSS HG
321,35,Universidade de Caxias do Sul,2016,2018,Responsável Técnico-Qualidade Rio São Marcos
321,35,Universidade de Caxias do Sul,2016,,Doutor Titular II
321,35,Universidade de Caxias do Sul,2011,2015,Núcleo Docente Estruturante-Engenharia Ambien
321,35,Universidade de Caxias do Sul,2000,2002,Membro do Colegiado-Curso Biologia - CARVI
321,35,Universidade de Caxias do Sul,2011,2012,Núcleo Docente Estruturante-Ciências/Biologia
321,35,Universidade de Caxias do Sul,2012,2016,Núcleo Docente Estruturante-Biológia Licenc.
321,35,Universidade de Caxias do Sul,2013,2016,Núcleo Docente Estruturante-Biologia Bacharel
321,35,Universidade de Caxias do Sul,2017,2018,Responsável Técnico - Plano de Bacia/Vacaria
321,35,Universidade de Caxias do Sul,2017,2018,Responsável Técnico-Poços São Marcos
321,35,Universidade de Caxias do Sul,2017,2018,Responsável Técnico - Laudos Juventude
321,35,Universidade de Caxias do Sul,2017,2018,Responsável Técnico - CR Reversos/Farroupilha
321,35,Universidade de Caxias do Sul,2017,2018,Responsável Técnico-PS Antônio Prado
321,35,Universidade de Caxias do Sul,2020,,Membro do Conselho Editorial da EDUCS
130,36,Universidade de Cruz Alta,2008,2008,Professor do Curso de Ciência da Computação
307,36,Universidade de Cruz Alta,2015,2015,
118,37,Universidade de Passo Fundo,2005,2008,Pesquisador
300,37,Universidade de Passo Fundo,2016,2017,Aluno
19,39,Universidade de Santa Cruz do Sul,2005,2009,Professor
19,39,Universidade de Santa Cruz do Sul,1999,1999,Bolsista IC
85,39,Universidade de Santa Cruz do Sul,2007,2007,Estagiário
40,40,Universidade de São Paulo,2007,2007,Voluntário
40,40,Universidade de São Paulo,2008,2008,Bolsista
40,40,Universidade de São Paulo,2009,2009,Pesquisador
428,40,Universidade de São Paulo,2006,2010,Pesquisador do PCS/LAA
321,144,UNIVERSIDADE DE VASSOURAS,2006,,Parecerista Ad hoc
28,145,Universidade do Contestado Campus Canoinhas,2008,2008,Professor de Pós-Graduação
190,42,Universidade do Estado de Santa Catarina,2017,,Analista de suporte
190,42,Universidade do Estado de Santa Catarina,2018,2018,Tutor a distância
190,42,Universidade do Estado de Santa Catarina,2019,2019,Tutor a distância
190,42,Universidade do Estado de Santa Catarina,2019,,Coordenadora de Informática
28,42,Universidade do Estado de Santa Catarina,2008,2010,Professor Adjunto
64,42,Universidade do Estado de Santa Catarina,2007,2010,Professor Colaborador
64,42,Universidade do Estado de Santa Catarina,2014,2014,Professor Colaborador
64,42,Universidade do Estado de Santa Catarina,2014,,Professor Adjunto
54,42,Universidade do Estado de Santa Catarina,2009,2010,Professor substituto
202,42,Universidade do Estado de Santa Catarina,2005,2011,Acadêmico
202,42,Universidade do Estado de Santa Catarina,2008,2009,Webmaster
428,42,Universidade do Estado de Santa Catarina,2008,2010,Professor Adjunto I
422,42,Universidade do Estado de Santa Catarina,2004,,
28,146,Universidade do Minho,2016,,Pesquisador no Lab of Virtual Enterprises
244,147,Universidade do Oeste de Santa Catarina,2019,2020,Professor
244,147,Universidade do Oeste de Santa Catarina,2020,,Professor
268,147,Universidade do Oeste de Santa Catarina,2017,,Professor Parcial
54,,Universidade do Planalto Catarinense,1999,1999,Professor substituto
54,,Universidade do Planalto Catarinense,2000,2010,
373,147,Universidade do Sul de SC,2018,,Professor
63,43,Universidade do Vale do Itajaí,2000,,Bolsista
126,43,Universidade do Vale do Itajaí,2002,2003,Voluntário
126,43,Universidade do Vale do Itajaí,2006,2007,Administrador de Banco de Dados
186,43,Universidade do Vale do Itajaí,2001,2005,Analista de Suporte
373,43,Universidade do Vale do Itajaí,2015,2017,Estudante de Pós-Graduação
373,43,Universidade do Vale do Itajaí,2017,2017,Professor Colaborador
373,43,Universidade do Vale do Itajaí,2017,2018,
36,44,Universidade do Vale do Rio dos Sinos,2003,2006,Outro (Bolsista de Iniciação Científica)
36,44,Universidade do Vale do Rio dos Sinos,2006,2007,Bolsista de Iniciação Científica
89,44,Universidade do Vale do Rio dos Sinos,1995,,Professor Adjunto
21,44,Universidade do Vale do Rio dos Sinos,2006,2008,Mestrando
232,44,Universidade do Vale do Rio dos Sinos,2015,2018,Professor Auxiliar
377,45,Universidade Estadual de Campinas,2007,2007,Pesquisador/Desenvolvedor Web
58,45,Universidade Estadual de Campinas,2000,2000,Iniciação Científica
83,45,Universidade Estadual de Campinas,2001,2001,Instrutor no Plano de Estágio Docente (PED)
83,45,Universidade Estadual de Campinas,2004,2005,Consultor de nível superior
258,45,Universidade Estadual de Campinas,2011,2011,Docente
301,46,Universidade Estadual de Londrina,2014,2015,Inciação Científica
163,47,Universidade Estadual de Maringá,2004,2006,professor colaborador
163,47,Universidade Estadual de Maringá,2006,,Professor não-titular
400,48,Universidade Estadual de Santa Cruz,2012,2014,Estagiário
400,48,Universidade Estadual de Santa Cruz,2014,2015,Aluno
253,148,Universidade Estadual do Norte do Paraná - Campus Luiz Meneghel,2011,2011,Projeto Inclusão Digital no Norte do Paraná
253,148,Universidade Estadual do Norte do Paraná - Campus Luiz Meneghel,2012,2013,Projeto Robótica Educacional
253,148,Universidade Estadual do Norte do Paraná - Campus Luiz Meneghel,2013,2014,Projeto AGILE ROLAP
163,49,Universidade Estadual do Oeste do Paraná,2010,2012,Estagiário de Iniciação Científica
155,51,Universidade Federal da Bahia,2009,2010,Iniciação Científica
40,51,Universidade Federal da Bahia,2010,,Associado I
244,52,Universidade Federal da Fronteira Sul,2010,2011,Bolsista
244,52,Universidade Federal da Fronteira Sul,2011,2012,Estagiário
244,52,Universidade Federal da Fronteira Sul,2013,2013,Monitor
309,52,Universidade Federal da Fronteira Sul,2015,,
268,52,Universidade Federal da Fronteira Sul,2015,2017,Professor Substituto
118,52,Universidade Federal da Fronteira Sul,2019,,
384,149,Universidade Federal de Alagoas,2018,,Professor Adjunto A
43,53,Universidade Federal de Campina Grande,1997,1998,Bolsista de IC
43,53,Universidade Federal de Campina Grande,1997,1997,Estagiário
43,53,Universidade Federal de Campina Grande,2009,2011,Professor Adjunto I
43,53,Universidade Federal de Campina Grande,2011,2013,Professor Adjunto II
43,53,Universidade Federal de Campina Grande,2013,2015,Professor Adjunto III
43,53,Universidade Federal de Campina Grande,2015,2017,Professor Adjunto IV
43,53,Universidade Federal de Campina Grande,2017,,Professor Associado I
165,150,Universidade Federal de Goiás,2001,2004,Consultor
420,,Universidade Federal de Lavras,2007,2009,Iniciação Científica
119,151,Universidade Federal de Minas Gerais,2009,2011,Pesquisador
91,55,Universidade Federal de Pelotas,2002,2005,Estagiária
91,55,Universidade Federal de Pelotas,2005,2005,
91,55,Universidade Federal de Pelotas,2005,2006,Corpo Tecnico
33,55,Universidade Federal de Pelotas,2001,2001,Bolsista de Apoio Institucional
384,56,Universidade Federal de Pernambuco,2014,2018,Estudante de Doutorado
43,56,Universidade Federal de Pernambuco,2008,2009,Bolsista (FACEPE)
107,58,Universidade Federal de Santa Catarina,2003,2015,Pesquisador
107,58,Universidade Federal de Santa Catarina,2015,,Professor Adjunto
244,58,Universidade Federal de Santa Catarina,2014,2016,Bolsita de Mestrado
244,58,Universidade Federal de Santa Catarina,2016,2018,Bolsista Projeto Bridge
244,58,Universidade Federal de Santa Catarina,2017,2020,Bolsista Doutorado
49,58,Universidade Federal de Santa Catarina,2011,,Analista de TI
213,58,Universidade Federal de Santa Catarina,2005,2007,Estagiário
213,58,Universidade Federal de Santa Catarina,2007,2008,Estagiário
168,58,Universidade Federal de Santa Catarina,2008,2008,Bolsista
115,58,Universidade Federal de Santa Catarina,2015,,Analista de Tecnologia da Informação
50,58,Universidade Federal de Santa Catarina,2019,,
50,58,Universidade Federal de Santa Catarina,2010,2019,Professor Associado
50,58,Universidade Federal de Santa Catarina,2002,2010,Professor Adjunto
50,58,Universidade Federal de Santa Catarina,1995,2002,Professor Assistente
104,58,Universidade Federal de Santa Catarina,2004,2004,Monitor
104,58,Universidade Federal de Santa Catarina,2005,2006,Bolsista de desenvolvimento
186,58,Universidade Federal de Santa Catarina,2011,2011,Estágio de Docência
92,58,Universidade Federal de Santa Catarina,1998,1999,Administrador de Banco de Dados
83,58,Universidade Federal de Santa Catarina,2006,,Professor adjunto
163,58,Universidade Federal de Santa Catarina,2013,,Bolsista de Mestrado
112,58,Universidade Federal de Santa Catarina,2008,2012,Bolsista em nível de Graduação
112,58,Universidade Federal de Santa Catarina,2013,,Pesquisador em nível de Mestrado
242,58,Universidade Federal de Santa Catarina,2012,2013,Estagiário de Iniciação Científica
242,58,Universidade Federal de Santa Catarina,2014,2016,Bolsista de pós-graduação (CAPES)
242,58,Universidade Federal de Santa Catarina,2016,2016,Pesquisador (CNPq)
242,58,Universidade Federal de Santa Catarina,2016,,Bolsista de pós-graduação (CAPES)
380,59,Universidade Federal de Santa Maria,2016,2017,Bolsista de Iniciação Científica
19,59,Universidade Federal de Santa Maria,2014,,Professor Adjunto
61,59,Universidade Federal de Santa Maria,1995,,Analista de TI
365,59,Universidade Federal de Santa Maria,2017,,Aluno
363,59,Universidade Federal de Santa Maria,2014,,Bolsista do Programa de Educação Tutorial
181,59,Universidade Federal de Santa Maria,2008,2011,Aluno de Graduação
181,59,Universidade Federal de Santa Maria,2011,2011,Monitor
291,59,Universidade Federal de Santa Maria,2015,2017,Bolsista
28,59,Universidade Federal de Santa Maria,2011,,Professor Associado
278,59,Universidade Federal de Santa Maria,2004,2008,Bolsista PET - Ciência da Computação
278,59,Universidade Federal de Santa Maria,2006,2008,Colaborador do grupo GMob
278,59,Universidade Federal de Santa Maria,2008,2009,Colaborador do Grupo LSC
278,59,Universidade Federal de Santa Maria,2008,2008,Bolsista CPD - UFSM
278,59,Universidade Federal de Santa Maria,2008,2009,Bolsista de Iniciação Ciêntifica - CAPES
225,59,Universidade Federal de Santa Maria,2018,,Professor Adjunto
231,59,Universidade Federal de Santa Maria,2014,2015,Bolsista
231,59,Universidade Federal de Santa Maria,2014,2015,Professor Substituto
326,59,Universidade Federal de Santa Maria,2014,2014,Monitoria da Disciplina de Lógica e Algoritmo
326,59,Universidade Federal de Santa Maria,2015,2017,Bolsista PET - Sistemas de Informação
326,59,Universidade Federal de Santa Maria,2017,2018,Suporte ao Moodle UAB
266,59,Universidade Federal de Santa Maria,2014,2015,
171,59,Universidade Federal de Santa Maria,2007,2009,Bolsista do Programa de Educação Tutorial
171,59,Universidade Federal de Santa Maria,2009,2011,Bolsista BIT
312,59,Universidade Federal de Santa Maria,2015,,Iniciação Científica
187,59,Universidade Federal de Santa Maria,2009,2009,Bolsista
187,59,Universidade Federal de Santa Maria,2011,,Monitor
123,59,Universidade Federal de Santa Maria,2009,2011,Adjunto I
123,59,Universidade Federal de Santa Maria,2011,2013,Adjunto II
123,59,Universidade Federal de Santa Maria,2013,2015,Adjunto III
123,59,Universidade Federal de Santa Maria,2015,2017,Adjunto IV
123,59,Universidade Federal de Santa Maria,2017,2019,Professor Associado I
123,59,Universidade Federal de Santa Maria,2019,,Professor Associado II
240,59,Universidade Federal de Santa Maria,2015,,Pesquisador
135,59,Universidade Federal de Santa Maria,2014,2017,Bolsista
300,59,Universidade Federal de Santa Maria,2012,2014,Analista de Tecnologia da Informação
40,60,Universidade Federal de São Carlos,2004,2006,Pesquisador
107,152,Universidade Federal de Sergipe,2014,2015,Professor Adjunto-A
107,152,Universidade Federal de Sergipe,2015,2018,Professor Visitante
259,61,Universidade Federal de Uberlândia,2015,,Pesquisador
259,62,Universidade Federal de Viçosa,2013,2014,Monitor de Álgebra Linear
259,62,Universidade Federal de Viçosa,2013,2014,Tutor de Geometria Analítica e Álgebra Linear
259,62,Universidade Federal de Viçosa,2013,2014,Monitor de Geometria Analítica e Álgebra
259,62,Universidade Federal de Viçosa,2020,,Professor do Magistério Superior
91,154,Universidade Federal do Acre,2016,2019,Analista de TI
59,64,Universidade Federal do Pampa,2012,2012,Professor
19,64,Universidade Federal do Pampa,2011,2013,Professor Adjunto
91,64,Universidade Federal do Pampa,2011,2012,Analista de TI
56,64,Universidade Federal do Pampa,2010,,"Professor Assistente, Nível 01"
209,64,Universidade Federal do Pampa,2012,2013,Bolsista PIBIC Fapergs
278,64,Universidade Federal do Pampa,2013,,Analista de Tecnologia da Informação
231,64,Universidade Federal do Pampa,2010,2010,Colaborador
231,64,Universidade Federal do Pampa,2011,2011,Colaborador
231,64,Universidade Federal do Pampa,2012,2012,Colaborador
231,64,Universidade Federal do Pampa,2013,2013,Colaborador
222,64,Universidade Federal do Pampa,2012,2013,
271,64,Universidade Federal do Pampa,2014,,
123,64,Universidade Federal do Pampa,2008,2008,Assistente
123,64,Universidade Federal do Pampa,2009,2009,Adjunto I
190,66,Universidade Federal do Paraná,2009,2011,Pesquisadora
190,66,Universidade Federal do Paraná,2011,2013,Analista de Sistemas
190,66,Universidade Federal do Paraná,2013,2016,Pesquisadora
408,66,Universidade Federal do Paraná,2006,,
145,66,Universidade Federal do Paraná,2008,2010,Aluno
64,66,Universidade Federal do Paraná,2010,2014,aluno de doutorado
135,66,Universidade Federal do Paraná,2019,,Pesquisador
258,66,Universidade Federal do Paraná,1998,1998,Monitor
376,67,Universidade Federal do Rio de Janeiro,2012,,Colaborador
376,67,Universidade Federal do Rio de Janeiro,2005,2008,Aluno de Mestrado
376,67,Universidade Federal do Rio de Janeiro,2008,2012,Aluno de Doutorado
376,67,Universidade Federal do Rio de Janeiro,2000,2004,Aluno de Graduação
228,78,Universidade Federal do Rio Grande,2009,2010,Bolsista
228,78,Universidade Federal do Rio Grande,2010,2012,Estagiária
228,78,Universidade Federal do Rio Grande,2012,2012,Estagiária
228,78,Universidade Federal do Rio Grande,2009,2010,Bolsista
228,78,Universidade Federal do Rio Grande,2014,,Analista de Tecnologia da Informação
207,78,Universidade Federal do Rio Grande,2010,,Analista de TI
200,78,Universidade Federal do Rio Grande,2010,2010,Diagramador
200,78,Universidade Federal do Rio Grande,2010,2011,Desenvolvedor
369,78,Universidade Federal do Rio Grande,2014,2014,Estagiário de Docência
198,78,Universidade Federal do Rio Grande,2011,2011,Bolsista de Iniciação Científica
229,78,Universidade Federal do Rio Grande,2010,2010,Núcleo de Video Web Conferência
229,78,Universidade Federal do Rio Grande,2009,2009,Manutenção do Laboratório.
229,78,Universidade Federal do Rio Grande,2011,2011,Desenvolvimento framework.
229,78,Universidade Federal do Rio Grande,2011,2012,Projeto de Inclusão Digital em Rio Grande
229,78,Universidade Federal do Rio Grande,2018,2018,Trabalho voluntário - Professor
229,78,Universidade Federal do Rio Grande,2019,2019,Professor Substituto
229,78,Universidade Federal do Rio Grande,2019,,Pos-doutorado
20,68,Universidade Federal do Rio Grande do Sul,2005,2006,Bolsista DTI - Projeto Digitex
20,68,Universidade Federal do Rio Grande do Sul,2003,2005,Mestranda
20,68,Universidade Federal do Rio Grande do Sul,2002,2002,Bolsista DTI - Projeto AdaptWeb
20,68,Universidade Federal do Rio Grande do Sul,2000,2001,Bolsista DTI - Projeto Tapejara
20,68,Universidade Federal do Rio Grande do Sul,2005,2005,Bolsista DTI - Projeto AdaptWeb
59,68,Universidade Federal do Rio Grande do Sul,2008,2009,Professor Substituto
59,68,Universidade Federal do Rio Grande do Sul,2011,2011,Professor Substituto
59,68,Universidade Federal do Rio Grande do Sul,2012,,Professor Adjunto
19,68,Universidade Federal do Rio Grande do Sul,2002,2003,Desenvolvedor
19,68,Universidade Federal do Rio Grande do Sul,2005,2005,Pesquisador
19,68,Universidade Federal do Rio Grande do Sul,2003,2005,Pesquisador
19,68,Universidade Federal do Rio Grande do Sul,2005,2007,Pesquisador
256,68,Universidade Federal do Rio Grande do Sul,2014,2018,Iniciação Científica
256,68,Universidade Federal do Rio Grande do Sul,2013,2014,Iniciação Científica
91,68,Universidade Federal do Rio Grande do Sul,2012,2016,Analista de TI
181,68,Universidade Federal do Rio Grande do Sul,2012,2014,Bolsista de Mestrado
239,68,Universidade Federal do Rio Grande do Sul,2010,2011,BOLSISTA DE DESENVOLVIMENTO WEB
239,68,Universidade Federal do Rio Grande do Sul,2011,2012,BOLSISTA DE DESENVOLVIMENTO WEB
9,68,Universidade Federal do Rio Grande do Sul,2013,2014,Bolsista de Iniciação Científica
9,68,Universidade Federal do Rio Grande do Sul,2015,2015,Bolsista de Iniciação Científica
119,68,Universidade Federal do Rio Grande do Sul,2004,2005,Colaborador Convidado
119,68,Universidade Federal do Rio Grande do Sul,1996,1998,aluno de doutorado
119,68,Universidade Federal do Rio Grande do Sul,1999,2003,aluno de doutorado
119,68,Universidade Federal do Rio Grande do Sul,2005,,Associado
119,68,Universidade Federal do Rio Grande do Sul,2017,,Chefe de Departamento
119,68,Universidade Federal do Rio Grande do Sul,2015,2016,Chefe de Departamento
119,68,Universidade Federal do Rio Grande do Sul,2011,2012,Vice Chefe de Departamento
119,68,Universidade Federal do Rio Grande do Sul,2013,2014,Vice Chefe de Departamento
27,68,Universidade Federal do Rio Grande do Sul,2002,2003,Bolsista DTI
78,68,Universidade Federal do Rio Grande do Sul,2003,2005,Pesquisador
29,68,Universidade Federal do Rio Grande do Sul,2002,2005,Bolsista
50,68,Universidade Federal do Rio Grande do Sul,1994,1995,Pesquisador Associado
419,68,Universidade Federal do Rio Grande do Sul,1996,1999,Bolsista
11,68,Universidade Federal do Rio Grande do Sul,2001,,bolsista CNPq
118,68,Universidade Federal do Rio Grande do Sul,2009,2010,Bolsista
118,68,Universidade Federal do Rio Grande do Sul,2010,2010,Não-bolsista
123,68,Universidade Federal do Rio Grande do Sul,2004,2008,Aluna de Doutorado
123,68,Universidade Federal do Rio Grande do Sul,2007,2008,Professor substituto
33,68,Universidade Federal do Rio Grande do Sul,2003,2004,Bolsista DTI
7,68,Universidade Federal do Rio Grande do Sul,2001,2003,DTI-H
3,68,Universidade Federal do Rio Grande do Sul,2001,2003,Bolsista
165,68,Universidade Federal do Rio Grande do Sul,2007,2008,Pesquisador
165,68,Universidade Federal do Rio Grande do Sul,2008,2009,Pesquisador
376,155,Universidade Federal Fluminense,2013,2015,Professor Adjunto I
376,155,Universidade Federal Fluminense,2015,2017,Professor Adjunto II
376,155,Universidade Federal Fluminense,2017,2019,Professor Adjunto III
376,155,Universidade Federal Fluminense,2019,,Professor Adjunto IV
212,156,Universidade Franciscana,2011,2011,Estagiário na área de Sistemas de Informação
61,157,Universidade Luterana do Brasil,2005,,Professor Assistente
50,157,Universidade Luterana do Brasil,1993,1995,Professor adjunto
419,157,Universidade Luterana do Brasil,1999,2000,PROFESSORA HORISTA
123,157,Universidade Luterana do Brasil,2004,2006,Professor Horista
83,158,Universidade Metodista de Piracicaba,1999,1999,Professor convidado
296,70,Universidade Presbiteriana Mackenzie,2017,2017,Professor Pós Graduação
417,70,Universidade Presbiteriana Mackenzie,2010,,Pesquisador
365,71,Universidade Regional do Noroeste do Estado do Rio Grande do Sul,2015,2016,Bolsista
365,71,Universidade Regional do Noroeste do Estado do Rio Grande do Sul,2015,2015,Voluntário
365,71,Universidade Regional do Noroeste do Estado do Rio Grande do Sul,2016,2016,Estagiário
365,71,Universidade Regional do Noroeste do Estado do Rio Grande do Sul,2017,2017,Bolsista
56,71,Universidade Regional do Noroeste do Estado do Rio Grande do Sul,2002,2004,Professor Hora/Aula 12 Horas
56,71,Universidade Regional do Noroeste do Estado do Rio Grande do Sul,1990,1992,Técnico Médio N1
56,71,Universidade Regional do Noroeste do Estado do Rio Grande do Sul,2004,2008,Professor Assistente N1- 30 horas
56,71,Universidade Regional do Noroeste do Estado do Rio Grande do Sul,1992,1992,Analista de Suporte Junior
56,71,Universidade Regional do Noroeste do Estado do Rio Grande do Sul,1992,1995,Técnico Médio N2
56,71,Universidade Regional do Noroeste do Estado do Rio Grande do Sul,1995,1998,Técnico Superior II
56,71,Universidade Regional do Noroeste do Estado do Rio Grande do Sul,1999,2004,Técnico Superior III
56,71,Universidade Regional do Noroeste do Estado do Rio Grande do Sul,2004,2008,Técnico Superior III
56,71,Universidade Regional do Noroeste do Estado do Rio Grande do Sul,2009,2009,Professor Assistente 36 Horas
56,71,Universidade Regional do Noroeste do Estado do Rio Grande do Sul,2009,2010,Professor Assistente 40 Horas
240,71,Universidade Regional do Noroeste do Estado do Rio Grande do Sul,2013,2014,Pesquisador
135,71,Universidade Regional do Noroeste do Estado do Rio Grande do Sul,2006,2007,Professor Horista
135,71,Universidade Regional do Noroeste do Estado do Rio Grande do Sul,2007,2009,Professor Associado
291,72,Universidade Regional Integrada do Alto Uruguai e das Missões,2011,2012,Bolsista
419,72,Universidade Regional Integrada do Alto Uruguai e das Missões,2000,,PROFESSORA TEMPO INTEGRAL
355,72,Universidade Regional Integrada do Alto Uruguai e das Missões,2014,2014,Bolsista
355,72,Universidade Regional Integrada do Alto Uruguai e das Missões,2015,,Bolsista
7,72,Universidade Regional Integrada do Alto Uruguai e das Missões,2000,2000,PII - URI
7,72,Universidade Regional Integrada do Alto Uruguai e das Missões,1999,2000,PII - URI
40,74,Universidade Salvador,2001,2004,Pesquisador/Professor Horista
40,74,Universidade Salvador,2009,2010,
377,75,Universidade Tecnológica Federal do Paraná,2015,,Professor Universitário
257,75,Universidade Tecnológica Federal do Paraná,2013,2014,Estudante de Iniciação Científica
341,75,Universidade Tecnológica Federal do Paraná,2016,2017,Iniciação Científica
341,75,Universidade Tecnológica Federal do Paraná,2018,2018,Iniciação Científica
367,75,Universidade Tecnológica Federal do Paraná,2011,2011,Bolsista PIBIC-CNPq
446,75,Universidade Tecnológica Federal do Paraná,2017,,Iniciação Científica
258,75,Universidade Tecnológica Federal do Paraná,2012,2012,Professor Adjunto
258,75,Universidade Tecnológica Federal do Paraná,2012,,Professor Adjunto II
83,,Università Ca' Foscari Venezia,2014,2015,"Campus scientifico via Torino, Venice, Italy"
89,,UNIVERSITÀ TELEMATICA GUGLIELMO MARCONI,2009,2011,Pesquisador
256,77,Universität Basel,2018,,Assistente de Pesquisa
83,160,Universität Leipzig,2017,2017,Estágio sênior financiado pela CAPES
19,162,Universitat Politècnica de Catalunya,2000,2000,Desenvolvedor
123,163,"University of California, Los Angeles",2006,2007,Bolsista de doutorado - estágio sanduíche
309,164,University of Limerick,2014,2014,Assistente de Pesquisa
83,165,University of Pireaus Research Center,2013,2013,"Information Management Lab, Piraeus, Greece"
19,166,University of Utah,2008,2008,Pesquisador
377,167,University of Waterloo,2007,2010,Teaching Assistant
321,,URBE. REVISTA BRASILEIRA DE GESTÃO URBANA,2017,,
419,,URI (Bolsa de Extensão),2006,2009,
419,,URI (Bolsa de Extensão),2006,2012,
190,,Vama Industrial Ltda,2005,2009,Analista de Suporte
85,,Varig S A Viação Aérea Riograndense,1988,1994,
207,,Vetorianet Inf. e Serv. de comunicação LTDA,2005,2008,Programador de sistema
19,,VIAVALE Internet,2001,2001,Desenvolvedor Web
54,,Visual Systems Informática Ltda,1995,1998,Analista de Sistemas
419,,VIVÊNCIAS (URI. ERECHIM),2019,,
85,,Vivendas Negócios Imobiliários Ltda,1994,,
377,,VixTeam - Consultoria e Sistemas,2000,2000,Desenvolvedor Web
376,,VLDB JOURNAL,2018,,
64,,VLDB JOURNAL,2018,,
20,,Warpol - Indústria de Alimentos Ltda,1997,2000,Analista de Sistemas
229,,WD House,2013,2013,Estagiário
107,,WIRELESS COMMUNICATIONS AND MOBILE COMPUTING,2018,,
315,,WT Prime,2011,2012,Desenvolvedor Web
439,,YOUSE TECHNOLOGIES,2008,,Diretor de Tecnologia
377,,,,,
400,,,,,
135,,,,,
269,,,,,
307,,,,,
