NOME,GRADUAÇÃO,FACULDADE DE GRADUAÇÃO,CURSO GRADUAÇÃO,INICIO_GRADUACAO,TERMINO_GRADUACAO,NOME.1,GRADUAÇÃO.1,ID,MESTRADO,FACULDADE DE MESTRADO,CURSO DE MESTRADO,DISSERTAÇÃO DE MESTRADO,INICIO_MESTRADO,TERMINO_MESTRADO,DOUTORADO,FACULDADE DE DOUTORADO,CURSO DE DOUTORADO,TESE DE DOUTORADO,ORIENTADOR DA TESE,INICIO_DOUTORADO,TERMINO_DOUTORADO,TITULACAO,AFILIACAO
Carlos Henrique Cândido,SIM,Faculdade de Informática de Cuiabá,Processamento de Dados,1998.0,2000.0,Carlos Henrique Cândido,SIM,6252580701789204.0,SIM,Universidade Federal de Mato Grosso,DIREITO AGROAMBIENTAL,Uma constituição para o meio ambiente digital,2019.0,,NAO,,,,,,,,
Leandro Castoldi López,SIM,Universidade de Cruz Alta,Ciência da Computação,1999.0,2000.0,Leandro Castoldi López,SIM,2339717419262914.0,NAO,,,,,,NAO,,,,,,,,
Holisson Soares da Cunha,SIM,Universidade Federal do Pampa,Ciência da Computação,2009.0,2013.0,Holisson Soares da Cunha,SIM,5628596240762051.0,NAO,,,,,,NAO,,,,,,,,
Elisa Mannes,SIM,Sociedade Educacional de Santa Catarina,Bacharelado em Sistemas de Informação,2005.0,2009.0,Elisa Mannes,SIM,513694670507977.0,SIM,Universidade Federal do Paraná,Informática,Um Esquema Bio-inspirado para a Tolerância à Má-conduta em Sistemas de Quórum Apoiando Serviços de Operação em MANETs,2009.0,2011.0,SIM,Universidade Federal do Paraná,Informática,Controle de Acesso baseado em Criptografia para a Distribuição Segura de Conteúdo Multimídia em Redes Centradas em Informação,Carlos Alberto Maziero,2012.0,2016.0,,
Renato Fileto,SIM,Universidade Federal de Uberlândia,Bacharelado em Ciência da Computação,1988.0,1992.0,Renato Fileto,SIM,6405951782839858.0,SIM,Universidade Estadual de Campinas,Ciência da Computação,Busca em Subespaços em Várias Dimensões,1992.0,1994.0,SIM,Universidade Estadual de Campinas,Ciência da Computação,A Abordagem POESIA para a Integração de Dados e Serviços na Web Semântica,Claudia Bauzer Medeiros,1999.0,2003.0,,
Daniel Cardoso Moraes de Oliveira,SIM,Universidade Federal do Rio de Janeiro,Ciência da Computação,2000.0,2004.0,Daniel Cardoso Moraes de Oliveira,SIM,743793296062293.0,SIM,Universidade Federal do Rio de Janeiro,Engenharia de Sistemas e Computação,MiningFlow: Adicionando Semântica a Workflows de Mineração de Texto,2005.0,2008.0,SIM,Universidade Federal do Rio de Janeiro,Engenharia de Sistemas e Computação,Uma Abordagem de Apoio à Execução Paralela de Workflows Científicos em Nuvens de Computadores,Marta Lima de Queirós Mattoso,2008.0,2012.0,,
Edson Murakami,SIM,Fundação Paulista de Tecnologia e Educação,Tecnologia em Processamento de Dados,1991.0,1993.0,Edson Murakami,SIM,6296010765327790.0,SIM,Universidade Federal de São Carlos,Ciência da Computação,Um Modelo de Memória Virtual em Java para Sistemas de Transformação de Software,1998.0,2000.0,SIM,Universidade de São Paulo,Engenharia Elétrica,Uma Infra-Estrutura de Desenvolvimento de Sistemas de Informações Orientados a Serviços Distribuídos para Agricultura de Precisão,Antonio Mauro Saraiva,2001.0,2006.0,,
Josiane Mariano Diniz Duszczak,SIM,SEM_DADOS,Sistemas de Informação,2002.0,2006.0,Josiane Mariano Diniz Duszczak,SIM,257722045660099.0,SIM,SEM_DADOS,Informática,Uma abordagem arquitetural de grade de dados para imagens FITS,2009.0,2012.0,NAO,,,,,,,,
Willian Ventura Koerich,SIM,SEM_DADOS,Ciência da Computação,2008.0,,Willian Ventura Koerich,SIM,5240758839011827.0,NAO,,,,,,NAO,,,,,,,,
Giancarlo Lucca,SIM,Universidade Federal do Rio Grande,Sistemas de Informação,2009.0,2013.0,Giancarlo Lucca,SIM,8796491947184490.0,SIM,Universidade Federal do Rio Grande,Engenharia de Computação,Integral de Choquet generalizada em método de raciocínio fuzzy em sistemas de classificação baseados em regras fuzzy.,2013.0,2015.0,SIM,Universidad Pública de Navarra,Ciencias y Tecnología Industriales,Aggregation and pre-aggregation functions in fuzzy rule-based classification systems,Humberto Bustince,2015.0,2018.0,,
Luiz Gustavo Moro Senko,SIM,Pontifícia Universidade Católica do Paraná,Bacharelado em Análise de Sistemas,1999.0,2002.0,Luiz Gustavo Moro Senko,SIM,7914190406004023.0,SIM,Pontifícia Universidade Católica do Paraná,Informática,Um Método Baseado em Lógica Paraconsistente para Detecção de Inconsistências em Classificadores à Base de Regras,2004.0,2006.0,NAO,,,,,,,,
Flavio Roberto Bayer,SIM,Universidade do Estado de Santa Catarina,Ciência da Computação,2013.0,2018.0,Flavio Roberto Bayer,SIM,9603191382860032.0,NAO,,,,,,NAO,,,,,,,,
Fernanda Vieira Figueira,SIM,Universidade Federal de Pelotas,Bacharelado em Ciência da Computação,2001.0,2005.0,Fernanda Vieira Figueira,SIM,966387234393823.0,SIM,Pontifícia Universidade Católica do Rio Grande do Sul,Ciência da Computação,SPDW-Miner: UM MÉTODO PARA A EXECUÇÃO DE PROCESSO DE DESCOBERTA DE CONHECIMENTO EM BASES DE DADOS DE PROJETOS DE SOFTWARE,2006.0,2008.0,NAO,,,,,,,,
Luis Fernando Milano Oliveira,SIM,Universidade Estadual de Londrina,Ciência da Computação,2011.0,2016.0,Luis Fernando Milano Oliveira,SIM,3566418214259909.0,SIM,Universidade Estadual de Londrina,Ciência da Computação,A DISTRIBUTED WORKFLOW-BASED ARCHITECTURE FOR CONTENT-BASED IMAGE RETRIEVAL,2016.0,2018.0,NAO,,,,,,,,
Rodrigo Gonçalves,SIM,Universidade Federal de Santa Catarina,Ciências da Computação,2001.0,2004.0,Rodrigo Gonçalves,SIM,867460619908697.0,SIM,Universidade Federal de Santa Catarina,Ciências da Computação,Algoritmos de Pré-Processamento para Uniformização de Instâncias XML Heterogêneas,2005.0,2007.0,SIM,Universidade Federal de Santa Catarina,Ciências da Computação,Experion - a framework to support automated expertise retrieval and representation,Carina Friedrich Dorneles,2016.0,,,
Luan José Félix Mota Silva Pimentel,SIM,Faculdade Escritor Osman da Costa Lins,Sistemas de Informação,2012.0,2014.0,Luan José Félix Mota Silva Pimentel,SIM,2224821652873925.0,NAO,,,,,,NAO,,,,,,,,
Carlos Eduardo Santos Pires,SIM,Universidade Federal de Campina Grande,Ciência da Computação,1993.0,1997.0,Carlos Eduardo Santos Pires,SIM,4986021622366786.0,SIM,Universidade Federal de Campina Grande,Ciência da Computação,BDRV - Um Sistema Integrador de Múltiplos Bancos de Dados Relacionais,1998.0,2000.0,SIM,Universidade Federal de Pernambuco,Ciências da Computação,Ontology-based Clustering in a Peer Data Management System,Ana Carolina Brandão Salgado,2005.0,2009.0,,
Ronaldo dos Santos Mello,SIM,Universidade Federal do Rio Grande do Sul,Bacharelado Em Ciências de Computação,1986.0,1990.0,Ronaldo dos Santos Mello,SIM,5011370918857999.0,SIM,Universidade Federal do Rio Grande do Sul,Computação,Uma Linguagem Visual de Consulta para o Ambiente STAR,1991.0,1994.0,SIM,Università degli Studi di Milano,curso de doutorado in computer science,Uma Abordagem Bottom-Up para Integração de Esquemas XML,Carlos Alberto Heuser,2001.0,2001.0,,
,,,,,,,,,,,,,,,,Universidade Federal do Rio Grande do Sul,Computação,Uma Abordagem Bottom-Up para a Integração Semântica de Esquemas XML,Carlos Alberto Heuser,1998.0,2002.0,,
Diego Magno Tavares da Silva,SIM,Centro Universitário de João Pessoa,Ciência da Computação,2009.0,2013.0,Diego Magno Tavares da Silva,SIM,8382486031831849.0,NAO,,,,,,NAO,,,,,,,,
Fernando Simon,SIM,Universidade do Vale do Itajaí,Cienca da Computação,2001.0,2005.0,Fernando Simon,SIM,1800535181331562.0,NAO,,,,,,NAO,,,,,,,,
Ângelo Nery Vieira Crestani,SIM,Instituto Federal Farroupilha,Análise e Desenvolvimento de Sistemas,2016.0,,Ângelo Nery Vieira Crestani,SIM,4868589544753145.0,NAO,,,,,,NAO,,,,,,,,
Lucas Silveira,SIM,Universidade Federal de Santa Catarina,Sistemas de Informação,2007.0,2012.0,Lucas Silveira,SIM,9773578537743760.0,SIM,Universidade Federal de Santa Catarina,Ciências da Computação,MODELO NACIONAL DE INTEROPERABILIDADE DO PODER JUDICIÁRIO:  APERFEIÇOAMENTO QUANTO À SEGURANÇA E INTEROPERABILIDADE DOS DADOS,2012.0,2015.0,NAO,,,,,,,,
Luiz Carlos de Freitas Santos Júnior,SIM,Universidade Federal do Rio Grande do Sul,,2000.0,2005.0,Luiz Carlos de Freitas Santos Júnior,SIM,383620524866410.0,NAO,,,,,,NAO,,,,,,,,
Cássio Vinicius Serafim Prazeres,SIM,Universidade Salvador,Ciência da Computação,1997.0,2000.0,Cássio Vinicius Serafim Prazeres,SIM,5075736089100544.0,SIM,Universidade Salvador,Sistemas e Computação,Conteúdo Jornalístico Multimídia : Produção e Gerenciamento de Notícias utilizando Linguagens de Marcação,2001.0,2003.0,SIM,Universidade de São Paulo,Ciências da Computação e Matemática Computacional,Serviços Web Semânticos: da modelagem à composição,Maria da Graca Campos Pimentel,2005.0,2009.0,,
José Guilherme Camargo de Souza,SIM,Universidade do Vale do Rio dos Sinos,Ciência da Computação,2002.0,2009.0,José Guilherme Camargo de Souza,SIM,1883007948533852.0,SIM,Universidade do Algarve,Processamento de Linguas Naturais,Coreference Resolution using Word Alignment,2009.0,,NAO,,,,,,,,
,,,,,,,,,,University of Wolverhampton,Natural Language Processing and HLT,Coreference Resolution using Word Alignment,2009.0,,,,,,,,,,
Caroline Tomasini,SIM,Universidade Federal do Rio Grande,Sistemas de Informação,2009.0,2012.0,Caroline Tomasini,SIM,799768609702295.0,SIM,Universidade Federal do Rio Grande,Engenharia de Computação,Seleção automática de índices internos de validação de agrupamento,2013.0,2015.0,NAO,,,,,,,,
Anselmo Maciel Nunes,SIM,Universidade do Estado de Santa Catarina,Ciências Econômicas,2011.0,2012.0,Anselmo Maciel Nunes,SIM,9408286832772730.0,SIM,Universidade Federal de Santa Catarina,Ciências da Computação,Anotação semântica de documentos e sua aplicação no apoio a jurisprudência,2006.0,2008.0,NAO,,,,,,,,
Gustavo Zanini Kantorski,SIM,Universidade Federal de Santa Maria,Curso de Informática Bacharelado,1990.0,1993.0,Gustavo Zanini Kantorski,SIM,721839644753258.0,SIM,Universidade Federal do Rio Grande do Sul,Computação,Interoperabilidade de Bancos de Dados Heterogêneos através da WWW,1997.0,1999.0,SIM,Universidade Federal do Rio Grande do Sul,Computação,Preenchimento Automático de Formulários na Web Oculta,Carlos Alberto Heuser,2010.0,2014.0,,
Ricardo Wilmar Gross,SIM,SEM_DADOS,Ciências da Computação,2003.0,2007.0,Ricardo Wilmar Gross,SIM,5020653372999435.0,NAO,,,,,,NAO,,,,,,,,
Joaquim Vinicius Carvalho Assunção,SIM,Pontifícia Universidade Católica do Rio Grande do Sul - Uruguaiana,Sistemas de Informação,2006.0,2009.0,Joaquim Vinicius Carvalho Assunção,SIM,3322255992735977.0,SIM,Pontifícia Universidade Católica do Rio Grande do Sul,Ciência da Computação,Um Processo de Aquisição e Mapeamento de Dados Para as Bacias Sedimentares Marginais Brasileiras,2010.0,2012.0,SIM,Pontifícia Universidade Católica do Rio Grande do Sul,Ciência da Computação,FITTING TECHNIQUES TO KNOWLEDGE DISCOVERY THROUGH STOCHASTIC MODELS,Paulo Henrique Lemelle Fernandes,2012.0,2016.0,,
Frantchesco Cecchin,SIM,Universidade Federal do Paraná,Bacharelado em Ciência da Computação,2003.0,2007.0,Frantchesco Cecchin,SIM,1523626234873574.0,SIM,Universidade Federal do Paraná,Informática,Um Modelo para Resolução de Conflitos sobre Repositório de Dados XML,2008.0,2010.0,NAO,,,,,,,,
Fernando Gomes Moro,SIM,Universidade Federal do Paraná,Estatística,2011.0,2016.0,Fernando Gomes Moro,SIM,734189352918833.0,SIM,Universidade Federal do Paraná,Métodos Numéricos em Engenharia,Estruturas de covariância definidas por covariáveis,2017.0,2019.0,NAO,,,,,,,,
Luiz Carlos Ribeiro Junior,SIM,SEM_DADOS,Ciencia da Computacao,2001.0,2005.0,Luiz Carlos Ribeiro Junior,SIM,6307233387359689.0,SIM,SEM_DADOS,Computação Aplicada,Geração de ontologias para a web semântica a partir de textos da Língua Portuguesa,2006.0,2008.0,NAO,,,,,,,,
Cleusa Maria Andrade Scroferneker,SIM,Pontifícia Universidade Católica do Rio Grande do Sul,Comunicação Social,1970.0,1973.0,Cleusa Maria Andrade Scroferneker,SIM,4838297393852726.0,SIM,Universidade Federal do Rio Grande do Sul,Planejamento Urbano e Regional,Proposição de uma Tipologia Turística e de uma Modelo de Avaliação Qualitativa do espaço Turístico,1976.0,1983.0,SIM,Universidade de São Paulo,Ciências da Comunicação,Os (Des) Caminhos da Comunicação na Implantação do Programa de Qualidade na Universidade Brasileira,ProfªDrª Margarida MK.Kunsch,1995.0,2000.0,,
Renan Bet Rodrigues,SIM,Universidade do Estado de Santa Catarina,Ciência da Computação,2005.0,2011.0,Renan Bet Rodrigues,SIM,6130162565784855.0,NAO,,,,,,NAO,,,,,,,,
Jolvani Morgan,SIM,Universidade de Cruz Alta,Ciência da Computação,1994.0,2000.0,Jolvani Morgan,SIM,9311546811322086.0,SIM,Universidade Federal de Santa Maria,Engenharia de Produção,Técnicas de Segmentação de Imagens na geração de Programas para Máquina de Comando Numérico,2006.0,2008.0,NAO,,,,,,,,
William Felipe Marx,SIM,SEM_DADOS,Ciência da Computação,2008.0,,William Felipe Marx,SIM,6636099673079414.0,NAO,,,,,,NAO,,,,,,,,
Augusto Blaas Corrêa,SIM,Universidade Federal do Rio Grande do Sul,Ciência da Computação,2013.0,2018.0,Augusto Blaas Corrêa,SIM,732331994776858.0,SIM,Universität Basel,M.Sc. in Computer Science,,2018.0,,NAO,,,,,,,,
Cleiton Fernando Lima Sena,SIM,Universidade Estadual de Santa Cruz,Ciência da Computação,2011.0,2015.0,Cleiton Fernando Lima Sena,SIM,8419929244627524.0,SIM,Universidade Federal da Bahia,Ciência da Computação,Extração de Informação Pragmática em documentos do português do Brasil,2015.0,2017.0,SIM,Universidade Federal da Bahia,Ciência da Computação,Extração de Informação Multilingual,Daniela Barreiro Claro,2018.0,,,
João Victor Guinelli da Silva,SIM,Centro Federal de Educação Tecnológica Celso Suckow da Fonseca,Sistemas de Informação,2015.0,2018.0,João Victor Guinelli da Silva,SIM,8287139445606249.0,NAO,,,,,,NAO,,,,,,,,
Leonardo Augusto Guimarães Garcia,SIM,SEM_DADOS,Engenharia de Computação,1999.0,2003.0,Leonardo Augusto Guimarães Garcia,SIM,2076376263541770.0,SIM,SEM_DADOS,Ciência da Computação,Medição de Trabalho Útil em Sistemas de Memórias Transacionais,2009.0,,NAO,,,,,,,,
Geomar André Schreiner,SIM,Universidade Federal da Fronteira Sul,Ciência da Computação,2010.0,2014.0,Geomar André Schreiner,SIM,776438722468291.0,SIM,Universidade Federal de Santa Catarina,Ciências da Computação,SqlToKeyNoSQL : Uma Camada para Mapeamento de Esquemas Relacionais e de Operações SQL para Bancos de Dados NoSQL Baseados em Chaves de Acesso,2014.0,2016.0,SIM,Universidade Federal de Santa Catarina,Ciências da Computação,Uma abordagem para particionamento de dados híbrida e autônoma em bancos de dados NewSQL,Ronaldo dos Santos Mello,2016.0,,,
Maria Estela Vieira da Silva,SIM,SEM_DADOS,SEM_DADOS,1999.0,,Maria Estela Vieira da Silva,SIM,5460029533893944.0,NAO,,,,,,NAO,,,,,,,,
Elielson Barbosa de Souza,SIM,Centro Universitário Estácio Ribeirão Preto,Ciências Contábeis,2018.0,,Elielson Barbosa de Souza,SIM,6691159669413992.0,NAO,,,,,,NAO,,,,,,,,
Eduardo Studzinski Estima de Castro,SIM,Universidade Federal do Rio Grande do Sul,Ciência da Computação,2002.0,2006.0,Eduardo Studzinski Estima de Castro,SIM,4840194867713376.0,SIM,Universidade Federal do Rio Grande do Sul,PPGC - Programa de Pós Graduação em Computação UFRGS,K-Aspects: uma abordagem baseada em aspectos para implementação de sistemas de conhecimento,2008.0,2009.0,NAO,,,,,,,,
Willian Eduardo de Moura Casante,SIM,SEM_DADOS,Bacharelado em Ciência da Computação,2005.0,2011.0,Willian Eduardo de Moura Casante,SIM,2739575934175425.0,NAO,,,,,,NAO,,,,,,,,
André Magno Costa de Araujo,SIM,Universidade Salgado de Oliveira,Análise de Sistemas,1998.0,2001.0,André Magno Costa de Araujo,SIM,4940517936484660.0,SIM,Universidade Federal de Pernambuco,Ciências da Computação,ArcheER: Um Modelo Conceitual de Dados Arquetipados para Sistemas de Informação em Saúde,2010.0,2012.0,SIM,Universidade Federal de Pernambuco,Ciências da Computação,"Um Framework para Criação de Esquemas de Dados, Geração de Interfaces Gráficas de Usuário e Persistência Poliglota do RES Utilizando Arquétipos",Valéria Cesário Times,2014.0,2018.0,,
Jacson Luiz Matte,SIM,Universidade Federal da Fronteira Sul,Ciência da Computação,2010.0,2015.0,Jacson Luiz Matte,SIM,4371561887763653.0,NAO,,,,,,NAO,,,,,,,,
Darlan Florêncio de Arruda,SIM,Universidade de Pernambuco,Sistemas de Informação,2007.0,2011.0,Darlan Florêncio de Arruda,SIM,7243777210978499.0,SIM,Universidade de Pernambuco,Engenharia da Computação,Um guia de Seleção para Implantação de Métricas de Software,2012.0,2014.0,SIM,The University of Western Ontario,Ciência da Computação,,Dr. Nazim Madhaji,2015.0,,,
Diogo Luis Von Grafen Rubert,SIM,Universidade de Cruz Alta,Ciência da Computação,2005.0,2013.0,Diogo Luis Von Grafen Rubert,SIM,9751072612298488.0,SIM,Universidade Federal de Santa Maria,Informática,,2013.0,,NAO,,,,,,,,
Augusto Ferreira de Souza,SIM,Universidade do Vale do Itajaí,Engenharia de Computação,2000.0,2005.0,Augusto Ferreira de Souza,SIM,5701768524610057.0,SIM,Universidade Federal de Santa Catarina,Ciências da Computação,DEEPEC: An Approach for Deep Web Content Extraction and Cataloguing,2011.0,2013.0,NAO,,,,,,,,
Sander Pes Pivetta,SIM,SEM_DADOS,Ciência da Computação,2008.0,,Sander Pes Pivetta,SIM,1977093609893067.0,NAO,,,,,,NAO,,,,,,,,
Stevan Fante Viapiana,SIM,SEM_DADOS,Ciência da Computação,2002.0,,Stevan Fante Viapiana,SIM,3642330070404905.0,NAO,,,,,,NAO,,,,,,,,
Alex Marino Gonçalves de Almeida,SIM,Centro Estadual de Educação Tecnológica Paula Souza,Processamento de Dados,1995.0,1999.0,Alex Marino Gonçalves de Almeida,SIM,1394224092286.0,SIM,Universidade Estadual de Londrina,Ciência da Computação,SENTIC LEVELS como descritores na Classificação multi-classes em Análise de Sentimentos,2015.0,2016.0,SIM,Universidade Estadual Paulista Júlio de Mesquita Filho,Ciencias da Computação,,Rodrigo Capobianco Guido,2020.0,,,
Dinei André Rockenbach,SIM,Sociedade Educacional Três de Maio,Sistemas de Informação,2013.0,2017.0,Dinei André Rockenbach,SIM,4309165322070547.0,SIM,Pontifícia Universidade Católica do Rio Grande do Sul,Ciência da Computação,Suporte ao paralelismo em GPU na DSL SPar,2017.0,,NAO,,,,,,,,
Larissa Rodrigues Lautert,SIM,Universidade Federal de Santa Maria,Ciência da Computação,2007.0,2010.0,Larissa Rodrigues Lautert,SIM,4515546957805206.0,SIM,Universidade Federal de Santa Catarina,Ciências da Computação,Casamento de instâncias usando o Feedback do usuário,2011.0,,NAO,,,,,,,,
Bruno Machado Agostinho,SIM,Universidade Federal de Santa Catarina,Sistemas de Informação,2007.0,2015.0,Bruno Machado Agostinho,SIM,3580058620034457.0,SIM,Universidade Federal de Santa Catarina,Ciências da Computação,Smart Comm: Um Middleware Para o Suporte à Interoperabilidade de Dispositivos Heterogêneos em Smart Homes,2017.0,2019.0,SIM,Universidade Federal de Santa Catarina,Ciências da Computação,,Mario Antonio Ribeiro Dantas,2019.0,,,
Mayara Regina Lorenzi,SIM,SEM_DADOS,Engenharia de Computação,2010.0,,Mayara Regina Lorenzi,SIM,2760542630405330.0,NAO,,,,,,NAO,,,,,,,,
Luiz Celso Gomes Junior,SIM,Universidade Federal do Espírito Santo,Ciência da Computação,1998.0,2003.0,Luiz Celso Gomes Junior,SIM,370301102971417.0,SIM,Universidade Estadual de Campinas,Ciência da Computação,Uma arquitetura para compartilhamento de dados de biodiversidade,2005.0,2007.0,SIM,Universidade Estadual de Campinas,Ciência da Computação,Consultas e Gerenciamento em Dados Complexos,André Santanchè,2012.0,2015.0,,
,,,,,,,,,,,,,,,,University of Waterloo,PhD,Document-driven extraction of multidimensional facts from multiple sources,Frank Tompa,2007.0,2010.0,,
Alexander Richard Vinson,SIM,Universidade Federal do Pará,Bacharelado em Ciencia da Computacao,2000.0,2004.0,Alexander Richard Vinson,SIM,6154063301402982.0,SIM,Universidade Federal do Rio Grande do Sul,Computação,PathSim: Um Algoritmo de comparação de caminhos XML,2005.0,2007.0,NAO,,,,,,,,
Fábio Cesar Pasquali,SIM,SEM_DADOS,Ciência da Computação,2005.0,2009.0,Fábio Cesar Pasquali,SIM,4027952448873096.0,NAO,,,,,,NAO,,,,,,,,
Elis Cassiana Nakonetchnei dos Santos,SIM,Universidade Tecnológica Federal do Paraná,Engenharia de Computação,2012.0,2018.0,Elis Cassiana Nakonetchnei dos Santos,SIM,1825726627470153.0,SIM,Universidade Tecnológica Federal do Paraná,Engenharia Elétrica e Informática Industrial,Otimização de Trajetória do Bico Extrusor Baseada em Temperatura e Tempo,2019.0,,NAO,,,,,,,,
Saimor Raduan Araújo Souza,SIM,Universidade Federal de Rondônia,Informática,2019.0,,Saimor Raduan Araújo Souza,SIM,9856398577674606.0,NAO,,,,,,NAO,,,,,,,,
Poline Lottin,SIM,SEM_DADOS,Sistemas de Informação,2007.0,2011.0,Poline Lottin,SIM,3954245456830372.0,NAO,,,,,,NAO,,,,,,,,
Taisa Carla Novello,SIM,Universidade Regional Integrada do Alto Uruguai e das Missões,Informática,1997.0,2001.0,Taisa Carla Novello,SIM,8974041265721813.0,SIM,Pontifícia Universidade Católica do Rio Grande do Sul,Ciência da Computação,,2004.0,,NAO,,,,,,,,
Tania Maria Antunes Cernach,SIM,Instituto Mauá de Tecnologia,Engenharia Elétrica,1998.0,2003.0,Tania Maria Antunes Cernach,SIM,3086826486256981.0,SIM,Instituto de Pesquisas Tecnológicas do Estado de São Paulo,Engenharia da Computação,Um Modelo de Qualidade de Dados em um Data Warehouse,2009.0,2012.0,NAO,,,,,,,,
Cristian Tristão,SIM,SEM_DADOS,Bacharelado Em Ciência da Computação,2000.0,2004.0,Cristian Tristão,SIM,3061704612929866.0,SIM,SEM_DADOS,Ciência da Computação,Um Ambiente Integrador para Análise de Processos de Negócio,2005.0,2006.0,SIM,Pontifícia Universidade Católica do Rio de Janeiro,Informática,"Uma Abordagem para Modelar, Armazenar e Acessar Sequências Biológicas",Sergio Lifschitz,2007.0,2012.0,,
Ana Magela Rodriguez Almeida,SIM,Universidade Federal do Pampa,Engenharia da Computação,2010.0,,Ana Magela Rodriguez Almeida,SIM,7586076453217115.0,NAO,,,,,,NAO,,,,,,,,
Felipe Victolla Silveira,SIM,SEM_DADOS,SEM_DADOS,1996.0,2001.0,Felipe Victolla Silveira,SIM,4518559094103750.0,SIM,SEM_DADOS,SEM_DADOS,SEM_DADOS,2003.0,2006.0,NAO,,,,,,,,
Lucas Rodrigues de Farias,SIM,Universidade Federal do Rio Grande,Engenharia de Computação,2008.0,2012.0,Lucas Rodrigues de Farias,SIM,8420765645015906.0,NAO,,,,,,NAO,,,,,,,,
Gabriely Simette,SIM,Universidade Tecnológica Federal do Paraná,Sistemas de Informação,2015.0,,Gabriely Simette,SIM,283151657931047.0,NAO,,,,,,NAO,,,,,,,,
Bruno Eduardo Soares,SIM,Universidade Estadual do Oeste do Paraná,Ciência da Computação,2008.0,2012.0,Bruno Eduardo Soares,SIM,9597436299457760.0,NAO,,,,,,NAO,,,,,,,,
Antonio Carlos Alves,SIM,SEM_DADOS,Ciência da Computação,2001.0,2005.0,Antonio Carlos Alves,SIM,3252850945130179.0,SIM,SEM_DADOS,Sistemas e Processos Industriais,GIRS - Genetic Information Retrieval System,2007.0,2009.0,NAO,,,,,,,,
Manuele dos Reis Ferreira,SIM,Universidade Federal da Bahia,Ciência da Computação,2005.0,2010.0,Manuele dos Reis Ferreira,SIM,2601009409434833.0,SIM,Pontifícia Universidade Católica do Rio de Janeiro,Informática,Detecção de anomalias de código de relevância arquitetural em sistemas multilinguagem,2012.0,2014.0,NAO,,,,,,,,
Jorge Alberto Fenner Flores Junior,SIM,Universidade Federal de Santa Maria,Sistema de Informação,2012.0,2016.0,Jorge Alberto Fenner Flores Junior,SIM,3898760927613186.0,SIM,Universidade Federal de Santa Maria,Ciência da Computação,,2017.0,2017.0,NAO,,,,,,,,
Kaio Alexandre da Silva,SIM,Centro Universitário Luterano de Ji-Paraná,Sistemas de Informação,2011.0,2015.0,Kaio Alexandre da Silva,SIM,943321240537948.0,SIM,Universidade de Brasília,Informática,Avaliação de Desempenho de Métricas de Fragmentação de Espectro em Redes Ópticas Elásticas,2016.0,2018.0,NAO,,,,,,,,
Álvaro Osvaldo Teixeira Martinez,SIM,Instituto Federal Catarinense,Sistemas de Informação,2010.0,2014.0,Álvaro Osvaldo Teixeira Martinez,SIM,5385453596666328.0,NAO,,,,,,NAO,,,,,,,,
Pedro Henrique Stolarski Auceli,SIM,Universidade Tecnológica Federal do Paraná,Sistemas de Informação,2013.0,,Pedro Henrique Stolarski Auceli,SIM,9799220042481068.0,NAO,,,,,,NAO,,,,,,,,
Angelo Augusto Frozza,SIM,Fundação Universidade Regional de Blumenau,Ciências da Computação,1990.0,1994.0,Angelo Augusto Frozza,SIM,5878372087019892.0,SIM,Universidade Federal de Santa Catarina,Ciências da Computação,Um Método para Determinar a Equivalência Semântica entre Esquemas GML,2004.0,2007.0,SIM,Universidade Federal de Santa Catarina,Ciências da Computação,Engenharia reversa de Bancos de Dados NoSQL,Ronaldo dos Santos Mello,2016.0,,,
Rodrigo Moreira,SIM,Universidade Federal de Viçosa,Sistemas de Informacao,2011.0,2014.0,Rodrigo Moreira,SIM,5847865533404279.0,SIM,Universidade Federal de Uberlândia,Ciência da Computação,Um Orquestrador Flexível de Recursos de Rede e Computação pra aprimoramento de Qualidade de Serviço (QoS) em Aplicações Multimídia Baseadas em Funções Virtualizadas de Rede (NFV),2015.0,2017.0,SIM,Universidade Federal de Uberlândia,Ciência da Computação,,Flávio de Oliveira Silva,2017.0,,,
Sandro José Rigo,SIM,Pontifícia Universidade Católica do Rio Grande do Sul,Informática Software Básico,1987.0,1990.0,Sandro José Rigo,SIM,3914159735707328.0,SIM,Universidade Federal do Rio Grande do Sul,Ciência da Computação,Animação Facial,1991.0,1993.0,SIM,Universidade Federal do Rio Grande do Sul,Computação,Integração de recursos da Web Semântica e Mineração de Uso para personalização de sites,José Palazzo Moreira Oliveira,2004.0,2008.0,,
Thales Vaz Maciel,SIM,Universidade da Região da Campanha,Sistemas de Informação,2007.0,2011.0,Thales Vaz Maciel,SIM,7166030596636868.0,SIM,Universidade Federal do Rio Grande,Engenharia de Computação,Simulação de logs de eventos com foco na análise de processos de construção na indústria naval brasileira,2014.0,2016.0,NAO,,,,,,,,
Danilo Souza da Cunha,SIM,Centro Universitário do Estado do Pará,Bacharelado em Ciência da Computação,2004.0,2008.0,Danilo Souza da Cunha,SIM,6968807521387651.0,SIM,Universidade Presbiteriana Mackenzie,Engenharia Elétrica,Evolução de Regras de Associação para Recomendação de Produtos em Comércio Eletrônico,2010.0,2013.0,SIM,Universidade Presbiteriana Mackenzie,Engenharia Elétrica,Inteligência de Enxame Aplicada a Problemas Complexos de Análise de Dados: Agrupamento Multi-objetivo e Mineração de Regras de Associação em Data Streams,Leandro Nunes de Castro Silva,2015.0,2019.0,,
Juarez Angelo Piazza Sacenti,SIM,Universidade Federal de Santa Catarina,Ciência da Computação,2009.0,2013.0,Juarez Angelo Piazza Sacenti,SIM,9971763298787054.0,SIM,Universidade Federal de Santa Catarina,Programa de Pós-Graduação em Ciência da Computação (PPGCC),Adaptação de hierarquias de dados conectados para análise de informação,2014.0,2016.0,SIM,Universidade Federal de Santa Catarina,Programa de Pós-Graduação em Ciência da Computação (PPGCC),,Roberto Willrich,2016.0,,,
Khaue Rezende Rodrigues,SIM,SEM_DADOS,SEM_DADOS,1998.0,2003.0,Khaue Rezende Rodrigues,SIM,6363039364181184.0,SIM,SEM_DADOS,SEM_DADOS,SEM_DADOS,2005.0,,NAO,,,,,,,,
Juliana Bonato dos Santos,SIM,SEM_DADOS,Ciência da Computação,2000.0,2005.0,Juliana Bonato dos Santos,SIM,9113125773849536.0,SIM,SEM_DADOS,Computação,Automatizando o processo de estimativa de revocação e precisão de funções de similaridade,2006.0,2008.0,NAO,,,,,,,,
Sergio Luis Dill,SIM,SEM_DADOS,Informatica,1989.0,1993.0,Sergio Luis Dill,SIM,1217067328251304.0,SIM,SEM_DADOS,Ciências da Computação,UMA METODOLOGIA PARA DESENVOLVIMENTO DE DATA WAREHOUSE E ESTUDO DE CASO,2000.0,2002.0,NAO,,,,,,,,
Douglas Negrini,SIM,SEM_DADOS,Ciência da Computação,2007.0,,Douglas Negrini,SIM,4949286508602153.0,NAO,,,,,,NAO,,,,,,,,
Rafael Garcia,SIM,Universidade Federal do Rio Grande do Sul,Ciência da Computação,2012.0,2016.0,Rafael Garcia,SIM,3208691140801452.0,SIM,Universidade Federal do Rio Grande do Sul,Computação,,2017.0,,NAO,,,,,,,,
Jeferson Kasper,SIM,SEM_DADOS,Ciência da Computação,2003.0,2006.0,Jeferson Kasper,SIM,8444590180210291.0,SIM,SEM_DADOS,Informática,Estudo de métodos para execução de regras ativas através da detecção de eventos temporais em sistemas de gerenciamento de bancos de dados,2012.0,,NAO,,,,,,,,
Michel Leite de Ávila,SIM,Universidade Federal de Santa Catarina,Sistema de Informação,2001.0,2007.0,Michel Leite de Ávila,SIM,1419227384882133.0,NAO,,,,,,NAO,,,,,,,,
Mariana Machado Garcez Duarte,SIM,Universidade Federal do Paraná,Ciência da Computação,2013.0,2017.0,Mariana Machado Garcez Duarte,SIM,6335570102189613.0,SIM,Universidade Federal do Paraná,Informática,MIDM - Um Método para Indexação de Dados de Mobilidade,2018.0,,NAO,,,,,,,,
Gustavo Rossarolla Forgiarini,SIM,Centro Universitário Franciscano,Sistemas de Informação,1998.0,2003.0,Gustavo Rossarolla Forgiarini,SIM,436674201471603.0,SIM,Pontifícia Universidade Católica do Rio Grande do Sul,Ciência da Computação,,2005.0,,NAO,,,,,,,,
Deise de Brum Saccol,SIM,Universidade Federal de Santa Maria,Informática Bacharelado,1995.0,1999.0,Deise de Brum Saccol,SIM,7758924784164781.0,SIM,Universidade Federal do Rio Grande do Sul,Computação,Materialização de Visões XML,1999.0,2001.0,SIM,Universidade Federal do Rio Grande do Sul,Computação,"Detecção, Gerenciamento e Consulta a Réplicas e Versões de Documentos XML",Nina Edelweiss,2004.0,2008.0,,
Marcel Felipe Weschenfelder,SIM,SEM_DADOS,SEM_DADOS,2000.0,,Marcel Felipe Weschenfelder,SIM,6258016409321537.0,NAO,,,,,,NAO,,,,,,,,
Vanessa Barbosa Rolim,SIM,Instituto Federal Catarinense,Sistema de Informação,2014.0,2016.0,Vanessa Barbosa Rolim,SIM,2509917962288493.0,SIM,Universidade do Estado de Santa Catarina,Computação Aplicada,Índice de conforto de passageiros de transporte público com base em dados de sensores e tarefas de mineração de dados,2017.0,,NAO,,,,,,,,
Nádia Puchalski Kozievitch,SIM,Universidade Federal do Paraná,Ciência da Computação,1996.0,2001.0,Nádia Puchalski Kozievitch,SIM,9727123750824948.0,SIM,Universidade Federal do Paraná,Informática,Dados Meteorológicos: Um estudo de viabilidade utilizando um SGBD em plataforma de baixo custo,2003.0,2005.0,SIM,Universidade Estadual de Campinas,Ciência da Computação,Objetos Complexos em Bibliotecas Digitais: Analisando o Gerenciamento de Componentes de Imagens,Ricardo da S. Torres,2007.0,2011.0,,
Rodrigo Machado,SIM,Universidade Federal do Rio Grande do Sul,Ciência da Computação,1999.0,2002.0,Rodrigo Machado,SIM,456516366590574.0,SIM,Universidade Federal do Rio Grande do Sul,Computação,Semântica Formal para TVQL,2003.0,2005.0,SIM,Universidade Federal do Rio Grande do Sul,Computação,Higher-Order Graph Rewriting Systems,Leila Ribeiro,2006.0,2012.0,,
Tiago Fossati Otero,SIM,Universidade Federal do Rio Grande,Tecnólogo em análise e desenvolvimento de sistemas,2008.0,2009.0,Tiago Fossati Otero,SIM,1560771253913044.0,SIM,Universidade Federal do Rio Grande,Engenharia de Computação,Estratégias de ensino e aprendizagem baseadas em metodologias ágeis,2018.0,,NAO,,,,,,,,
Juliano Augusto Carreira,SIM,Universidade Estadual Paulista Júlio de Mesquita Filho,Ciência da Computação,2005.0,2008.0,Juliano Augusto Carreira,SIM,963406821901524.0,SIM,Universidade Estadual Paulista Júlio de Mesquita Filho,Ciência da Computação,Enriquecimento de dados: uma pré-etapa em relação à limpeza de dados.,2010.0,2012.0,NAO,,,,,,,,
Mário Pereira Martins,SIM,SEM_DADOS,SEM_DADOS,2002.0,2007.0,Mário Pereira Martins,SIM,4767378073568656.0,NAO,,,,,,NAO,,,,,,,,
Filipe Roberto Silva,SIM,Instituto Federal de Santa Catarina,Mecatrônica Industrial,2007.0,2010.0,Filipe Roberto Silva,SIM,9961895409746094.0,SIM,Universidade Federal de Santa Catarina,Ciências da Computação,WTMatcher: Um Framework para Determinação de Similaridade entre Tabelas na Web,2013.0,2015.0,NAO,,,,,,,,
Yuri Socher Bichibichi,SIM,Universidade Tecnológica Federal do Paraná,Sistemas de Informação,2015.0,,Yuri Socher Bichibichi,SIM,6854430172424635.0,NAO,,,,,,NAO,,,,,,,,
Henrico Bertini Brum,SIM,Universidade Federal do Pampa,Ciência da Computação,2010.0,2015.0,Henrico Bertini Brum,SIM,2319733789095224.0,SIM,Universidade de São Paulo,Ciências da Computação e Matemática Computacional,Expansão de recursos para análise de sentimentos usando aprendizado semi-supervisionado,2016.0,2018.0,SIM,Universidade de São Paulo,Ciências da Computação e Matemática Computacional,Avaliação de fenômenos opinativos em modelos de classificação de sentimentos na língua portuguesa,Maria das Graças Volpe Nunes,2018.0,,,
Sergio Luis Sardi Mergen,SIM,Universidade de Santa Cruz do Sul,Ciências da Computação,1997.0,2002.0,Sergio Luis Sardi Mergen,SIM,718830701479001.0,SIM,Universidade Federal do Rio Grande do Sul,Computação,Casamento de Esquemas XML e Esquemas Relacionais,2003.0,2005.0,SIM,Universidade Federal do Rio Grande do Sul,Computação,Indexing and Querying Dataspaces,Carlos Alberto Heuser,2006.0,2011.0,,
Vitor Hugo Bezerra,SIM,Universidade Estadual de Londrina,Ciência da Computação,2013.0,2017.0,Vitor Hugo Bezerra,SIM,5445543982093867.0,SIM,Universidade Estadual de Londrina,Ciência da Computação,Botnet detection in Internet of Things devices using One-class classification,2017.0,2019.0,NAO,,,,,,,,
César Feijó Nadvorny,SIM,SEM_DADOS,SEM_DADOS,1998.0,2002.0,César Feijó Nadvorny,SIM,5360960592754214.0,SIM,SEM_DADOS,SEM_DADOS,SEM_DADOS,2002.0,,NAO,,,,,,,,
Daniel Matheus Kuhn,SIM,Universidade de Passo Fundo,Ciência da Computação,2013.0,2018.0,Daniel Matheus Kuhn,SIM,4679763284278931.0,NAO,,,,,,NAO,,,,,,,,
Alexandre Tagliari Lazzaretti,SIM,Universidade de Passo Fundo,Ciência da Computação,1991.0,1995.0,Alexandre Tagliari Lazzaretti,SIM,1894333931411941.0,SIM,Universidade Federal de Santa Catarina,Ciências da Computação,XDC: Uma Proposta de Controle de Restrições de Integridade de Domínio em Documentos XML,2003.0,2005.0,SIM,Universidade de Passo Fundo,Agronomia,Integração de Banco de Dados e Modelos de Simulação para Estimar o impacto de Mudanças Climáticas no Rendimento e na Severidade da Giberela em Trigo,José Maurício Fernandes,2010.0,2013.0,,
Vinícios Camponogara Tomazetti,SIM,Universidade Federal de Santa Maria,Sistemas Para Internet,2015.0,2018.0,Vinícios Camponogara Tomazetti,SIM,412793120877584.0,NAO,,,,,,NAO,,,,,,,,
Cristiano Politowski,SIM,Universidade Regional do Noroeste do Estado do Rio Grande do Sul,Ciência da Computação,2010.0,2014.0,Cristiano Politowski,SIM,8794788615369610.0,SIM,Universidade Federal de Santa Maria,Informática,,2015.0,,NAO,,,,,,,,
Euler Taveira de Oliveira,SIM,SEM_DADOS,Engenharia de Computação,1998.0,2002.0,Euler Taveira de Oliveira,SIM,9661132812612212.0,SIM,SEM_DADOS,Computação,Uma Proposta para Junções Aproximadas,2007.0,,NAO,,,,,,,,
Douglas Dyllon Jeronimo de Macedo,SIM,Faculdade de Ciencias Administrativas e Tecnologicas - FATec,Tecnologia em Processamento de Dados,1998.0,2002.0,Douglas Dyllon Jeronimo de Macedo,SIM,149028226656519.0,SIM,Universidade Federal de Santa Catarina,Engenharia e Gestão do Conhecimento,Um Estudo de Estratégias de Sistemas Distribuídos Aplicadas em Sistemas de Telemedicina,2006.0,2008.0,SIM,Universidade Federal de Santa Catarina,Engenharia e Gestão do Conhecimento,Um Modelo Distribuído de Armazenamento Hierárquico de Conhecimento Médico,Mario Antonio Ribeiro Dantas,2009.0,2014.0,,
Cristina Paludo Santos,SIM,Universidade Regional do Noroeste do Estado do Rio Grande do Sul,Informática Com Ênfase Em Análise de Sistemas,1990.0,1995.0,Cristina Paludo Santos,SIM,6055243052118565.0,SIM,Universidade Federal do Rio Grande do Sul,Computação,CONFIGURAÇÃO DE DOCUMENTOS VERSIONADOS,1997.0,2000.0,NAO,,,,,,,,
Fhabiana Thieli dos Santos Machado,SIM,Universidade Federal de Santa Maria,Programa Especial de Graduação de Formação de Professores Para A Educação P,2015.0,2017.0,Fhabiana Thieli dos Santos Machado,SIM,1789870053639215.0,SIM,Universidade Federal de Santa Maria,Informática,UM PROCESSO PARA EXTRAÇÃO DE ESQUEMAS CONCEITUAIS EM FONTES DE DADOS JSON BASEADO EM TÉCNICAS DE SIMILARIDADE DE TEXTO,2015.0,2017.0,NAO,,,,,,,,
Eugênio de Oliveira Simonetto,SIM,Universidade Católica de Pelotas,Análise de Sistemas,1992.0,1995.0,Eugênio de Oliveira Simonetto,SIM,1853313255345200.0,SIM,Pontifícia Universidade Católica do Rio Grande do Sul,Ciência da Computação,"Uma Proposta para a Incorporação de Aspectos Temporais, no Projeto Lógico de Banco de Dados, em SGBDs Relacionais",1996.0,1998.0,SIM,Universidade Federal do Rio Grande do Sul,Administração,UM SISTEMA DE APOIO À DECISÃO APLICADO AO PLANEJAMENTO OPERACIONAL DA COLETA SELETIVA DE RESÍDUOS SÓLIDOS,Denis Borenstein,2001.0,2004.0,,
Henrique Saab Cunha Rocha,SIM,SEM_DADOS,Ciência da Computação,2007.0,,Henrique Saab Cunha Rocha,SIM,2679046162732159.0,NAO,,,,,,NAO,,,,,,,,
Renata Galante,SIM,Centro de Estudos Superiores de Londrina,Tecnologia Em Processamento de Dados,1993.0,1995.0,Renata Galante,SIM,3867942762661182.0,SIM,Universidade Federal do Rio Grande do Sul,Computação,Um Modelo de Evolução de Esquemas Conceituais para Bancos de Dados Orientados a Objetos com o Emprego de Versões,1996.0,1998.0,SIM,Universidade Federal do Rio Grande do Sul,Computação,Modelo Temporal de Versionamento com Suporte à Evolução de Esquemas,Clesio Saraiva dos Santos e Nina Edelweiss,1999.0,2003.0,,
Gláucio Ricardo Vivian,SIM,Universidade Regional Integrada do Alto Uruguai e das Missões,Ciência da Computação,2004.0,2009.0,Gláucio Ricardo Vivian,SIM,9967502924584072.0,NAO,,,,,,NAO,,,,,,,,
Lenon Ricardo Machado de Souza,SIM,Instituto Federal Farroupilha Campus Alegrete,Análise e Desenvolvimento de sistemas,2014.0,,Lenon Ricardo Machado de Souza,SIM,8147562322985688.0,NAO,,,,,,NAO,,,,,,,,
Mariusa Warpechowski,SIM,Universidade Regional do Noroeste do Estado do Rio Grande do Sul,Informática com Ênfase em Análise de Sistemas,1992.0,1995.0,Mariusa Warpechowski,SIM,166466226010035.0,SIM,Universidade Federal do Rio Grande do Sul,Computação,Recuperação de Metadados de Objetos de Aprendizagem no AdaptWeb,2003.0,2005.0,NAO,,,,,,,,
Rafael Luís Vasel,SIM,Universidade Federal de Santa Catarina,Ciências da Computação,2002.0,,Rafael Luís Vasel,SIM,2747683951158303.0,NAO,,,,,,NAO,,,,,,,,
Rodrigo Luis Suder,SIM,SEM_DADOS,SEM_DADOS,1999.0,,Rodrigo Luis Suder,SIM,593153801544855.0,NAO,,,,,,NAO,,,,,,,,
Wdnei Ribeiro da Paixao,SIM,"Instituto Federal de Educação, Ciência e Tecnologia do Espírito Santo",Bacharelado em Sistema de Informação,2010.0,2016.0,Wdnei Ribeiro da Paixao,SIM,5726259776195113.0,NAO,,,,,,NAO,,,,,,,,
Matheus Koehler Zanella,SIM,Universidade Federal de Santa Maria,Ciência da Computação,2007.0,2012.0,Matheus Koehler Zanella,SIM,5493646935540580.0,NAO,,,,,,NAO,,,,,,,,
André Luciano Rakowski,SIM,Universidade Federal de Santa Maria,Ciência da Computação,2017.0,,André Luciano Rakowski,SIM,729503635411770.0,NAO,,,,,,NAO,,,,,,,,
Miriam Pizzatto Colpo,SIM,Universidade Federal de Santa Maria,Ciência da Computação,2008.0,2011.0,Miriam Pizzatto Colpo,SIM,1505588047062627.0,SIM,Universidade Federal do Rio Grande do Sul,Computação,OPIS: Um Método para Identificação e Busca de Páginas-Objeto,2012.0,2014.0,SIM,Universidade Federal de Pelotas,COMPUTAÇÃO,,Tiago Thompsen Primo,2020.0,,,
Igor Eduardo Viana Rudel,SIM,Universidade Federal de Santa Maria,Sistemas Para Internet,2012.0,2016.0,Igor Eduardo Viana Rudel,SIM,4134668596803043.0,NAO,,,,,,NAO,,,,,,,,
Cleto May,SIM,Universidade Federal de Santa Catarina,Sistema de Informação,2010.0,,Cleto May,SIM,6439298093380707.0,NAO,,,,,,NAO,,,,,,,,
Vinícius Fülber Garcia,SIM,Universidade Federal de Santa Maria,Ciência da Computação,2013.0,2016.0,Vinícius Fülber Garcia,SIM,9564405566367158.0,SIM,Universidade Federal de Santa Maria,Informática,Um Arcabouço Ferramental para Implantação Personalizável de Serviços de Rede Virtualizados,2017.0,2019.0,SIM,Universidade Federal do Paraná,Informática,,Elias Procópio Duarte Júnior,2019.0,,,
William Bortoluzzi Pereira,SIM,Universidade Federal de Santa Maria,Programa Especial de Graduação de Formação de Professores Para A Educação P,2017.0,2019.0,William Bortoluzzi Pereira,SIM,5581053144239848.0,SIM,Universidade Federal de Santa Maria,Informática,ESPECIFICAÇÃO DE UM FRAMEWORK PARA DEFINIR O PERFIL DOS USUÁRIOS ATRAVÉS DAS INTERAÇÕES SOCIAIS,2017.0,2019.0,NAO,,,,,,,,
Alison Luiz Bolzon Alonso,SIM,SEM_DADOS,Bacharelado em Ciências da Computação,2003.0,2007.0,Alison Luiz Bolzon Alonso,SIM,3582491735279272.0,SIM,SEM_DADOS,Programa de Pós Graduação em Informática,/,2009.0,,NAO,,,,,,,,
Felipe Lanzarin,SIM,Universidade de Passo Fundo,Ciência da Computação,2013.0,,Felipe Lanzarin,SIM,3761931042835068.0,NAO,,,,,,NAO,,,,,,,,
Danilo Sambugaro de Carlo,SIM,Universidade Tecnológica Federal do Paraná,Ciência da Computação,2016.0,,Danilo Sambugaro de Carlo,SIM,9735097775351422.0,NAO,,,,,,NAO,,,,,,,,
Rejane Maria Basso,SIM,Universidade de Caxias do Sul,Ciência da Computação,2002.0,2009.0,Rejane Maria Basso,SIM,3324661566974662.0,NAO,,,,,,NAO,,,,,,,,
Renata de Jesus Silva,SIM,Universidade Federal de Santa Catarina,Sistema de Informação,2008.0,2012.0,Renata de Jesus Silva,SIM,6985089035450046.0,NAO,,,,,,NAO,,,,,,,,
Débora Cabral Nazário,SIM,Universidade Federal de Santa Catarina,Ciências da Computação,1997.0,2001.0,Débora Cabral Nazário,SIM,6905169880963398.0,SIM,Universidade Federal de Santa Catarina,Ciências da Computação,Uma análise da segurança da urna eletrônica brasileira,2002.0,2003.0,SIM,Universidade Federal de Santa Catarina,Engenharia e Gestão do Conhecimento,CUIDA - Um Modelo de Conhecimento de Qualidade de Contexto aplicado aos Ambientes Ubíquos Internos em Domicílios Assistidos,Mario Antonio Ribeiro Dantas,2011.0,2015.0,,
Fabio André Garaluz dos Santos,SIM,Universidade Tecnológica Federal do Paraná,Sistemas para Internet,2010.0,2013.0,Fabio André Garaluz dos Santos,SIM,2747626874611692.0,NAO,,,,,,NAO,,,,,,,,
Raqueline Ritter de Moura Penteado,SIM,Universidade Paranaense,Ciência da Computação,1995.0,1999.0,Raqueline Ritter de Moura Penteado,SIM,7856783089604214.0,SIM,Universidade Estadual de Maringá,Ciência da Computação,O Uso de Conhecimento Prévio do Domínio na Programação por Demonstração,2002.0,2004.0,SIM,Universidade Federal do Paraná,Informática,Otimização de Consultas SPARQL em Bases RDF Distribuídas,Carmem Satie Hara,2012.0,2017.0,,
Jonathan Vinícius Suter,SIM,Instituto Federal Catarinense Campus Camboriú,Sistemas de Informação,2014.0,2018.0,Jonathan Vinícius Suter,SIM,6882914796754390.0,NAO,,,,,,NAO,,,,,,,,
Edécio Fernando Iepsen,SIM,Universidade Tecnológica Federal do Paraná,Lic Plena Professor Esp Curso 2º Grau-Esquema I,1994.0,1995.0,Edécio Fernando Iepsen,SIM,2878943895928097.0,SIM,Universidade Católica de Pelotas,Ciência da Computação,Estudo e Desenvolvimento de uma ferramenta de Visualização de Informações para tabelas Mestre/Detalhe,2006.0,2008.0,SIM,Universidade Federal do Rio Grande do Sul,Informática na Educação,Ensino de Algoritmos: Detecção do Estado Afetivo de Frustração para Apoio ao Processo de Aprendizagem,Magda Bercht,2010.0,2013.0,,
Ronaldo Canofre Mariano dos Santos,SIM,Universidade Federal de Santa Maria,Ciência da Computação,2004.0,2007.0,Ronaldo Canofre Mariano dos Santos,SIM,2770999583622791.0,NAO,,,,,,NAO,,,,,,,,
Klaus Werner Schaly,SIM,SEM_DADOS,SEM_DADOS,2006.0,,Klaus Werner Schaly,SIM,3085789644194123.0,NAO,,,,,,NAO,,,,,,,,
Edimar Manica,SIM,Universidade de Passo Fundo,Ciência da Computação,2005.0,2008.0,Edimar Manica,SIM,7497320738069454.0,SIM,Universidade Federal do Rio Grande do Sul,Computação,Suporte a Consultas Temporais por Palavras-chave em Documentos XML,2009.0,2010.0,SIM,Universidade Federal do Rio Grande do Sul,Computação,ORION: uma abordagem eficaz e robusta para aquisição de valores de atributos de entidades do mundo real,Renata Galante,2012.0,2017.0,,
Alex Sandro Romeo de Souza Poletto,SIM,Instituto Municipal de Ensino Superior de Assis,TECNOLOGIA EM PROCESSAMENTO DE DADOS,1990.0,1992.0,Alex Sandro Romeo de Souza Poletto,SIM,6771642666904396.0,SIM,Universidade Estadual Paulista Júlio de Mesquita Filho,Filosofia,Processos de Auto-Organização existentes nos Modelos de Redes Neurais Artificiais,1998.0,2002.0,SIM,Universidade de São Paulo,Engenharia Elétrica,Um Modelo para Projeto e Implementação de Bancos de Dados Analítico-Temporais,Jorge Rady de Almeida Junior,2003.0,2007.0,,
Cláudio de Lima,SIM,Universidade Federal de Santa Catarina,Bacharelado Ciências da Computação,2003.0,2008.0,Cláudio de Lima,SIM,4784229564517752.0,SIM,Universidade Federal de Santa Catarina,Ciências da Computação,PROJETO LÓGICO DE BANCOS DE DADOS NOSQL DOCUMENTO A PARTIR DE ESQUEMAS CONCEITUAIS ENTIDADE-RELACIONAMENTO ESTENDIDO (EER),2014.0,2016.0,SIM,Universidade Federal de Santa Catarina,Engenharia e Gestão do Conhecimento,Digital Transformation for Internationalization of Higher Education,Rogério Cid Bastos,2019.0,,,
Gustavo Costa Meireles,SIM,Instituto Federal Catarinense,Bacharelado em Sistemas de Informação,2010.0,2013.0,Gustavo Costa Meireles,SIM,2383727409843499.0,NAO,,,,,,NAO,,,,,,,,
Patrícia Souza Silveira,SIM,SEM_DADOS,SEM_DADOS,2001.0,2005.0,Patrícia Souza Silveira,SIM,7147263133111763.0,SIM,SEM_DADOS,SEM_DADOS,SEM_DADOS,2006.0,2007.0,NAO,,,,,,,,
André Dias Bastos,SIM,Universidade Federal de Pelotas,Bacharelado em Ciência da Computação,1999.0,2002.0,André Dias Bastos,SIM,8317821729275486.0,NAO,,,,,,NAO,,,,,,,,
Rudimar Imhof,SIM,Fundação Universidade Regional de Blumenau,Sistemas de Informação,2011.0,2013.0,Rudimar Imhof,SIM,7445302660507386.0,NAO,,,,,,NAO,,,,,,,,
Jorge Gustavo Sandoval Simão,SIM,Universidade do Vale do Itajaí,Ciência da Computação,2009.0,2014.0,Jorge Gustavo Sandoval Simão,SIM,9339111529388744.0,SIM,Universidade do Vale do Itajaí,Computação,Sistema Inteligente para Detecc&amp;#807;a&amp;#771;o de Perdas Na&amp;#771;o-Te&amp;#769;cnicas de Consumidores Comerciais,2015.0,2017.0,NAO,,,,,,,,
Oliver Moraes Batista Quinquiolo,SIM,SEM_DADOS,SEM_DADOS,2005.0,,Oliver Moraes Batista Quinquiolo,SIM,4494868011199044.0,NAO,,,,,,NAO,,,,,,,,
Marcos Vinicius de Moura Lima,SIM,Universidade Regional Integrada do Alto Uruguai e das Missões,Ciência da Computação,2013.0,2018.0,Marcos Vinicius de Moura Lima,SIM,8488632251760640.0,NAO,,,,,,NAO,,,,,,,,
Samuel Santos Troina,SIM,Universidade Católica de Pelotas,Análise de Sistemas,2000.0,2004.0,Samuel Santos Troina,SIM,1108920954251199.0,SIM,Universidade Federal do Rio Grande,Engenharia de Computação,Proposta de um Framework para Integração de Recursos em Manufatura Distribuída,2012.0,2014.0,NAO,,,,,,,,
Alvaristo Bernardes do Amaral Padilha,SIM,SEM_DADOS,Bacharel em Informática,1991.0,1998.0,Alvaristo Bernardes do Amaral Padilha,SIM,2207119794535102.0,SIM,SEM_DADOS,Computação,Suporte a Argumentos de Consulta Vagos Através da XPath,2004.0,2005.0,NAO,,,,,,,,
Rebeca Schroeder Freitas,SIM,Universidade do Estado de Santa Catarina,Bacharelado em Ciências da Computação,2000.0,2004.0,Rebeca Schroeder Freitas,SIM,4011022927056926.0,SIM,Universidade Federal de Santa Catarina,Ciências da Computação,Uma Abordagem para Projeto Lógico de Banco de Dados XML baseada em Informações de Carga de Dados,2006.0,2008.0,SIM,Universidade Federal do Paraná,Informática,Uma Abordagem para o Particionamento de Dados na Nuvem Baseada em Relações de Afinidade em Grafos,Carmem Satie Hara,2010.0,2014.0,,
Thiago Cassio Krug,SIM,Universidade Federal do Pampa,Engenharia de Software,2010.0,2013.0,Thiago Cassio Krug,SIM,3646026898257545.0,SIM,Universidade Federal de Santa Maria,Ciência da Computação,,2014.0,2016.0,NAO,,,,,,,,
,,,,,,,,,,Universidade Federal de Santa Maria,Ciência da Computação,Mecanismos de Busca por Oportunidades de Refatoração para Padrões,2017.0,2019.0,,,,,,,,,
Robinson Figueiredo de Camargo,SIM,Universidade Federal de Santa Maria,Engenharia Elétrica,1994.0,2000.0,Robinson Figueiredo de Camargo,SIM,9486400043926456.0,SIM,Universidade Federal de Santa Maria,Engenharia Elétrica,Contribuição ao Estudo de Filtros Ativos de Potência,2000.0,2002.0,SIM,Universidade Federal de Santa Maria,Engenharia Elétrica,Método de Sincronização Aplicado a Conversores PWM Trifásicos,Humberto Pinheiro,2002.0,2006.0,,
Roberto Walter,SIM,Universidade Federal da Fronteira Sul,Ciência da Computação,2010.0,2015.0,Roberto Walter,SIM,4441280690459628.0,NAO,,,,,,NAO,,,,,,,,
Tiago Stapenhorst Martins,SIM,Middlesex University London,Business Information Systems,2014.0,2015.0,Tiago Stapenhorst Martins,SIM,790769833478481.0,NAO,,,,,,NAO,,,,,,,,
Juliano Gomes da Silveira,SIM,Faculdade Dom Bosco de Porto Alegre,Sistemas de Informação,2005.0,2009.0,Juliano Gomes da Silveira,SIM,6418980148142381.0,SIM,Pontifícia Universidade Católica do Rio Grande do Sul,Ciência da Computação,"RSAPP, Um Algoritmo Baseado em Rough Sets para Auxílio ao Processo de Descoberta de Conhecimento em Banco de Dados",2011.0,2013.0,NAO,,,,,,,,
Émerson Pinto Homrich,SIM,Universidade Federal de Santa Maria,Sistema de Informação,2013.0,,Émerson Pinto Homrich,SIM,838935770686961.0,NAO,,,,,,NAO,,,,,,,,
Ricardo Gil Belther Nabo,SIM,Universidade Estadual do Oeste do Paraná,Ciência da Computação,2009.0,2012.0,Ricardo Gil Belther Nabo,SIM,7881671179759264.0,SIM,Universidade Federal de Santa Catarina,Ciências da Computação,,2013.0,,NAO,,,,,,,,
Joedeson Fontana Junior,SIM,Universidade Federal de Santa Maria,Sistemas Para Internet,2014.0,2018.0,Joedeson Fontana Junior,SIM,4559510462924787.0,SIM,Universidade Federal de Santa Maria,Ciências da Computação,,2018.0,,NAO,,,,,,,,
Vania Elisabete Schneider,SIM,Universidade de Caxias do Sul,Bacharelado Em Biologia,1985.0,1989.0,Vania Elisabete Schneider,SIM,9940289333509768.0,SIM,Universidade Estadual de Campinas,Engenharia Civil,Estudo do Processo de Geração de Resíduos Sólidos Domésticos no Município de Bento Gonçalves,1992.0,1994.0,SIM,Universidade Federal do Rio Grande do Sul,Eng de Recursos Hídricos e Saneamento Ambiental,"Sistemas de gerenciamento de resíduos sólidos de serviços de saúde: Contribuição ao estudo das variáveis que interferem no processo de implantação, monitoramento e custos decorrentes",Sergio João De Lucca,1999.0,2005.0,,
Renato Deggau,SIM,Universidade Federal de Santa Catarina,Ciencias da Computação,1984.0,1988.0,Renato Deggau,SIM,6111211934633593.0,SIM,Universidade Federal de Santa Catarina,Ciências da Computação,Uma Interface Baseada em Conhecimento para Interação com Data Warehouses Espaciais,2008.0,2010.0,NAO,,,,,,,,
Marcelo Zambiasi,SIM,Universidade Federal do Rio Grande do Sul,Ciência da Computação,2005.0,2010.0,Marcelo Zambiasi,SIM,5046557311321623.0,SIM,Institut de Mathematiques Appliquees de Grenoble (IMAG),Sist. de Informação e Eng. Avançada de Software,Déploiement d'applications de médiation à service dans un contexte dynamique,2009.0,2010.0,NAO,,,,,,,,
